20.002076,49.498321,Warsztaty Samochodowe@60,Nowy Targ
20.023097,49.435984,Warsztaty Samochodowe@60,Szaflary
18.621306,54.393633,Warsztaty Samochodowe@60,Gdańsk
18.670370,54.398056,Warsztaty Samochodowe@60,Gdańsk
20.980422,52.230133,Warsztaty Samochodowe@60,Warszawa
19.049562,50.584094,Warsztaty Samochodowe@60,Woźniki
19.950672,50.098213,Warsztaty Samochodowe@60,Kraków
21.044341,52.179323,Warsztaty Samochodowe@60,Warszawa
18.717441,53.423011,Warsztaty Samochodowe@60,Pieńki Królewskie
18.356738,51.307706,Warsztaty Samochodowe@60,Sokolniki
19.962091,50.097853,Warsztaty Samochodowe@60,Kraków
20.912185,52.153846,Warsztaty Samochodowe@60,Raszyn
19.887771,50.088643,Warsztaty Samochodowe@60,Kraków
18.518273,50.453866,Warsztaty Samochodowe@60,Toszek
19.859902,50.145594,Warsztaty Samochodowe@60,Szyce
19.891047,50.098807,Warsztaty Samochodowe@60,Kraków
18.216503,52.173180,Warsztaty Samochodowe@60,Konin
15.562933,51.261687,Warsztaty Samochodowe@60,Bolesławiec
21.106646,52.211406,Warsztaty Samochodowe@60,Warszawa
15.908578,52.603927,Warsztaty Samochodowe@60,Międzychód
15.908675,52.602708,Warsztaty Samochodowe@60,Międzychód
19.924033,50.004784,Warsztaty Samochodowe@60,Kraków
21.215951,51.966454,Warsztaty Samochodowe@60,Góra Kalwaria
18.006420,51.781435,Warsztaty Samochodowe@60,Kościelna Wieś
21.035449,52.065525,Warsztaty Samochodowe@60,Piaseczno
19.369368,52.233496,Warsztaty Samochodowe@60,Kutno
15.713270,51.809138,Warsztaty Samochodowe@60,Nowa Sól
16.120934,52.104205,Warsztaty Samochodowe@60,Wolsztyn
22.627893,51.262418,Warsztaty Samochodowe@60,Lublin
23.269509,53.188364,Warsztaty Samochodowe@60,Ogrodniczki
18.983500,50.223888,Warsztaty Samochodowe@60,Katowice
19.098937,52.641474,Warsztaty Samochodowe@60,Włocławek
20.726909,49.553391,Warsztaty Samochodowe@60,Nawojowa
19.099538,50.253406,Warsztaty Samochodowe@60,Katowice
17.575378,54.088395,Warsztaty Samochodowe@60,Studzienice
18.968667,49.806695,Warsztaty Samochodowe@60,Bielsko-Biała
19.056923,50.578167,Warsztaty Samochodowe@60,Woźniki
20.948061,52.210815,Warsztaty Samochodowe@60,Warszawa
19.072265,50.875311,Warsztaty Samochodowe@60,Częstochowa
19.881469,50.064877,Warsztaty Samochodowe@60,Kraków
21.032343,52.089876,Warsztaty Samochodowe@60,Piaseczno
19.360790,51.797450,Warsztaty Samochodowe@60,Łódź
17.967056,53.311140,Warsztaty Samochodowe@60,Koronowo
17.945512,53.307797,Warsztaty Samochodowe@60,Koronowo
17.000935,51.064081,Warsztaty Samochodowe@60,Wrocław
22.788997,51.984880,Warsztaty Samochodowe@30,Międzyrzec Podlaski
19.458830,50.480585,Warsztaty Samochodowe@30,Zawiercie
19.436214,50.150499,Warsztaty Samochodowe@30,Trzebinia
19.396040,50.137126,Warsztaty Samochodowe@30,Chrzanów
19.499562,50.147288,Warsztaty Samochodowe@30,Młoszowa
19.447475,50.154588,Warsztaty Samochodowe@30,Trzebinia
19.475001,50.163311,Warsztaty Samochodowe@30,Trzebinia
16.355552,51.285540,Warsztaty Samochodowe@30,Lisowice
22.322909,49.483377,Warsztaty Samochodowe@30,Lesko
18.986542,50.107726,Warsztaty Samochodowe@30,Tychy
21.012833,52.122475,Warsztaty Samochodowe@30,Pyry
19.015831,49.811265,Warsztaty Samochodowe@30,Bielsko-Biała
19.005811,49.796253,Warsztaty Samochodowe@30,Bielsko-Biała
19.110535,50.788350,Warsztaty Samochodowe@30,Częstochowa
16.768226,53.136627,Warsztaty Samochodowe@30,Piła
19.423763,51.792266,Warsztaty Samochodowe@30,Łódź
16.067559,51.501330,Warsztaty Samochodowe@30,Polkowice
16.085862,51.504302,Warsztaty Samochodowe@30,Polkowice
20.952543,49.449898,Warsztaty Samochodowe@30,Mochnaczka Wyżna
20.681310,49.675810,Warsztaty Samochodowe@30,Wielogłowy
16.031102,51.502205,Warsztaty Samochodowe@30,Polkowice
16.076217,51.501336,Warsztaty Samochodowe@30,Polkowice
19.033298,49.939123,Warsztaty Samochodowe@30,Kaniów
19.253067,50.100652,Warsztaty Samochodowe@30,Chełmek
20.006318,50.064653,Warsztaty Samochodowe@30,Kraków
16.079907,51.503560,Warsztaty Samochodowe@30,Polkowice
18.906011,50.405030,Warsztaty Samochodowe@30,Radzionków
18.423063,54.551906,Warsztaty Samochodowe@30,Gdynia
17.364535,51.201512,Warsztaty Samochodowe@30,Oleśnica
17.599979,53.219702,Warsztaty Samochodowe@30,Krukówko
18.875246,50.399477,Warsztaty Samochodowe@30,Bytom
19.986233,50.048720,Warsztaty Samochodowe@30,Kraków
19.977071,50.056105,Warsztaty Samochodowe@30,Kraków
19.947357,49.973091,Warsztaty Samochodowe@30,Kraków
20.487656,54.285690,Warsztaty Samochodowe@30,Górowo Iławeckie
22.877900,51.288638,Warsztaty Samochodowe@30,Łęczna
22.892747,51.297758,Warsztaty Samochodowe@30,Łęczna
18.206747,50.983997,Warsztaty Samochodowe@30,Kluczbork
23.132403,50.240586,Warsztaty Samochodowe@0,Cieszanów
20.705870,49.627100,Warsztaty Samochodowe@30,Nowy Sącz
19.466378,51.732796,Warsztaty Samochodowe@30,Łódź
14.694310,52.741702,Warsztaty Samochodowe@30,Dębno
14.712989,52.735076,Warsztaty Samochodowe@30,Dębno
22.624384,51.437256,Warsztaty Samochodowe@30,Lubartów
16.635822,50.729759,Warsztaty Samochodowe@30,Dzierżoniów
15.022312,53.352062,Warsztaty Samochodowe@30,Stargard Szczecinski
20.462572,52.029333,Warsztaty Samochodowe@30,Korytów
21.380832,50.483398,Warsztaty Samochodowe@30,Ossala
19.943801,50.043078,Warsztaty Samochodowe@30,Kraków
18.200687,50.978871,Warsztaty Samochodowe@30,kluczbork
16.324599,50.865642,Warsztaty Samochodowe@30,Świebodzice
19.014737,52.677110,Warsztaty Samochodowe@30,Włocławek
20.026965,49.468090,Warsztaty Samochodowe@0,Nowy Targ
18.990963,49.902250,Warsztaty Samochodowe@30,Czechowice-Dziedzice
19.940432,50.079045,Warsztaty Samochodowe@30,Kraków
22.238940,52.983506,Warsztaty Samochodowe@30,Zambrów
19.720759,50.116588,Warsztaty Samochodowe@30,Rudawa
16.071281,52.646123,Warsztaty Samochodowe@30,Sieraków
17.960286,53.153667,Warsztaty Samochodowe@30,Bydgoszcz
18.522557,49.938350,Warsztaty Samochodowe@30,Jastrzębie-Zdrój
18.540716,49.938723,Warsztaty Samochodowe@30,Jastrzębie-Zdrój
20.688709,52.262884,Warsztaty Samochodowe@30,Zaborów
19.214094,50.020416,Warsztaty Samochodowe@30,Oświecim
20.126032,50.143127,Warsztaty Samochodowe@30,Pietrzejowice
19.967240,50.118300,Warsztaty Samochodowe@30,Węgrzce
22.579039,51.203206,Warsztaty Samochodowe@30,Lublin
22.084825,50.003959,Warsztaty Samochodowe@0,Rzeszów
22.280788,51.165297,Warsztaty Samochodowe@30,Bełżyce
18.910179,49.991837,Warsztaty Samochodowe@30,Pszczyna
19.961512,50.094406,Warsztaty Samochodowe@30,Kraków
20.957949,52.005243,Warsztaty Samochodowe@30,Bogatki
16.111181,51.640686,Warsztaty Samochodowe@30,Głogów
16.107143,51.655985,Warsztaty Samochodowe@30,Głogów
16.072859,51.657948,Warsztaty Samochodowe@30,Głogów
16.055843,51.657369,Warsztaty Samochodowe@30,Głogów
16.069892,51.665808,Warsztaty Samochodowe@30,Głogów
16.099155,51.661273,Warsztaty Samochodowe@30,Głogów
16.059099,51.658690,Warsztaty Samochodowe@30,Głogów
20.441760,49.976040,Warsztaty Samochodowe@30,Bochnia
19.872460,50.112370,Warsztaty Samochodowe@30,Modlniczka
16.783282,53.158367,Warsztaty Samochodowe@0,Piła
21.432720,50.054260,Warsztaty Samochodowe@30,Dębica
16.068202,51.659180,Warsztaty Samochodowe@30,Głogów
16.188590,51.415128,Warsztaty Samochodowe@30,Lubin
17.944278,53.135005,Warsztaty Samochodowe@30,Bydgoszcz
20.345091,49.744871,Warsztaty Samochodowe@30,Piekiełko
21.137512,52.238483,Warsztaty Samochodowe@30,Warszawa
20.049480,49.981150,Warsztaty Samochodowe@30,Wieliczka
16.313260,51.800350,Warsztaty Samochodowe@30,Wschowa
17.294005,53.115586,Warsztaty Samochodowe@0,Osiek nad Notecią
16.323600,51.808750,Warsztaty Samochodowe@30,Wschowa
15.113142,52.053730,Warsztaty Samochodowe@30,Krosno Odrzańskie
18.826333,50.281466,Warsztaty Samochodowe@30,Zabrze
20.917255,52.158688,Warsztaty Samochodowe@30,Raszyn
19.908850,49.978500,Warsztaty Samochodowe@30,Libertów
20.921080,52.158410,Warsztaty Samochodowe@30,Raszyn
16.975390,52.896990,Warsztaty Samochodowe@30,Budzyń
19.703199,52.547186,Warsztaty Samochodowe@30,Płock
16.853540,51.087080,Warsztaty Samochodowe@0,Kębłowice
16.280540,51.492710,Warsztaty Samochodowe@0,Stara Rudna 
20.929500,52.157840,Warsztaty Samochodowe@0,Raszyn
19.563120,50.349640,Warsztaty Samochodowe@0,Klucze
19.401370,50.501320,Warsztaty Samochodowe@0,Zawiercie
19.577110,50.253590,Warsztaty Samochodowe@0,Witeradów
20.870200,52.216220,Warsztaty Samochodowe@0,Mory
18.601190,54.337250,Warsztaty Samochodowe@0,Gdańsk
19.388690,50.132540,Warsztaty Samochodowe@0,Chrzanów
18.584730,54.350980,Warsztaty Samochodowe@0,Gdańsk
18.050380,53.128490,Warsztaty Samochodowe@0,Bydgoszcz
19.475985,50.207498,Warsztaty Samochodowe@0,Czyżówka
18.590030,54.352240,Warsztaty Samochodowe@0,Gdańsk
18.599070,54.381440,Warsztaty Samochodowe@0,Gdańsk
18.594980,54.357180,Warsztaty Samochodowe@0,Gdańsk
22.935000,54.116590,Warsztaty Samochodowe@0,Suwałki
19.134640,50.794580,Warsztaty Samochodowe@0,Częstochowa
18.585620,54.351120,Warsztaty Samochodowe@0,Gdańsk
22.110310,50.756210,Warsztaty Samochodowe@0,Zaklików
22.567800,51.267330,Warsztaty Samochodowe@0,Lublin
18.615200,54.348490,Warsztaty Samochodowe@0,Gdańsk
18.605730,54.347100,Warsztaty Samochodowe@0,Gdańsk
18.591470,54.350130,Warsztaty Samochodowe@0,Gdańsk
18.571720,54.369120,Warsztaty Samochodowe@0,Gdańsk
18.577760,54.378420,Warsztaty Samochodowe@0,Gdańsk
20.049000,50.360050,Warsztaty Samochodowe@0,Miechów
16.903840,52.457170,Warsztaty Samochodowe@0,Poznań
16.651220,52.469190,Warsztaty Samochodowe@0,Tarnowo Podgórne
16.887810,52.446690,Warsztaty Samochodowe@0,Poznań
22.499940,50.012000,Warsztaty Samochodowe@0,Żurawiczki
18.580820,54.409210,Warsztaty Samochodowe@0,Gdańsk
21.147290,49.644610,Warsztaty Samochodowe@0,Gorlice
18.591180,54.400170,Warsztaty Samochodowe@0,Gdańsk
18.638040,54.286300,Warsztaty Samochodowe@0,Gdańsk
18.638310,54.284810,Warsztaty Samochodowe@0,Gdańsk
18.457830,54.425770,Warsztaty Samochodowe@0,Gdańsk
18.288530,54.380370,Warsztaty Samochodowe@0,Przodkowo
18.608700,54.272450,Warsztaty Samochodowe@0,Rotmanka
20.715490,52.200640,Warsztaty Samochodowe@0,Płochocin
19.056160,54.019800,Warsztaty Samochodowe@0,Malbork
19.063310,54.013530,Warsztaty Samochodowe@0,Nowa Wieś Malborska
18.617310,54.328830,Warsztaty Samochodowe@0,Gdańsk
19.907670,49.932880,Warsztaty Samochodowe@0,Konary
18.595900,54.354290,Warsztaty Samochodowe@0,Gdańsk
18.968230,54.281960,Warsztaty Samochodowe@0,Żuławki
18.599260,54.345710,Warsztaty Samochodowe@0,Gdańsk
18.404660,54.391990,Warsztaty Samochodowe@0,Banino
18.589310,54.380290,Warsztaty Samochodowe@0,Gdańsk
19.689348,49.457378,Warsztaty Samochodowe@0,Nowakowa
20.987410,49.978630,Warsztaty Samochodowe@0,Tarnowiec
18.583810,54.361130,Warsztaty Samochodowe@0,Gdańsk
18.583770,54.361060,Warsztaty Samochodowe@0,Gdańsk
19.054550,54.036310,Warsztaty Samochodowe@0,Malbork
19.054580,54.036190,Warsztaty Samochodowe@0,Malbork
16.899830,52.465860,Warsztaty Samochodowe@0,Poznań
18.595910,54.355690,Warsztaty Samochodowe@0,Gdańsk
19.045560,54.024610,Warsztaty Samochodowe@0,Malbork
18.606860,54.354120,Warsztaty Samochodowe@0,Gdańsk
19.938178,50.040170,Warsztaty Samochodowe@0,Kraków
18.605870,54.359870,Warsztaty Samochodowe@0,Gdańsk
18.597540,54.356730,Warsztaty Samochodowe@0,Gdańsk
16.229850,50.436110,Warsztaty Samochodowe@0,Kudowa-Zdrój
19.463000,50.161250,Warsztaty Samochodowe@0,Trzebinia
19.447220,50.153660,Warsztaty Samochodowe@0,Trzebinia
18.961820,51.592180,Warsztaty Samochodowe@0,Zduńska Wola
19.949438,50.098557,Warsztaty Samochodowe@0,Kraków
18.608780,54.406530,Warsztaty Samochodowe@0,Gdańsk
17.184370,52.806970,Warsztaty Samochodowe@0,Wągrowiec
18.676969,50.318881,Warsztaty Samochodowe@0,Gliwice
18.630600,54.254440,Warsztaty Samochodowe@0,Pruszcz Gdański
19.937000,50.087020,Warsztaty Samochodowe@0,Kraków
20.580096,50.172376,Warsztaty Samochodowe@0,Koszyce
19.885870,50.185490,Warsztaty Samochodowe@0,Niebyła
18.611044,52.991481,Warsztaty Samochodowe@0,Toruń
18.057990,53.177190,Warsztaty Samochodowe@0,Osielsko
20.264090,50.656220,Warsztaty Samochodowe@0,Sudół
19.837290,49.980980,Warsztaty Samochodowe@0,Skawina
19.454300,49.874929,Warsztaty Samochodowe@0,Chocznia
16.506780,50.399940,Warsztaty Samochodowe@0,Polanica-Zdrój
19.948630,50.086280,Warsztaty Samochodowe@0,Kraków
17.716330,53.880070,Warsztaty Samochodowe@0,Brusy
19.952510,50.085160,Warsztaty Samochodowe@0,Kraków
15.817110,50.911320,Warsztaty Samochodowe@0,Jelenia Góra
15.799990,50.868830,Warsztaty Samochodowe@0,Łomnica
19.068690,49.829750,Warsztaty Samochodowe@0,Bielsko-Biała
19.979120,50.077510,Warsztaty Samochodowe@0,Kraków
19.966690,50.009840,Warsztaty Samochodowe@0,Kraków
15.257080,52.760720,Warsztaty Samochodowe@0,Gorzów Wielkopolski
17.047080,51.089850,Warsztaty Samochodowe@0,Wrocław
19.462290,50.158190,Warsztaty Samochodowe@0,Trzebinia
19.435980,50.150610,Warsztaty Samochodowe@0,Trzebinia
19.451351,50.188914,Warsztaty Samochodowe@0,Trzebinia
19.467740,50.176200,Warsztaty Samochodowe@0,Trzebinia
20.005500,50.062850,Warsztaty Samochodowe@0,Kraków
14.594320,52.334980,Warsztaty Samochodowe@0,Słubice
19.980320,50.024330,Warsztaty Samochodowe@0,Kraków
18.614620,54.341940,Warsztaty Samochodowe@0,Gdańsk
19.976940,50.066300,Warsztaty Samochodowe@0,Kraków
19.959700,50.108220,Warsztaty Samochodowe@0,Kraków
18.636390,54.355690,Warsztaty Samochodowe@0,Gdańsk
18.550510,54.479830,Warsztaty Samochodowe@0,Gdynia
18.495170,54.497300,Warsztaty Samochodowe@0,Gdynia
18.498850,54.497680,Warsztaty Samochodowe@0,Gdynia
18.521650,54.521290,Warsztaty Samochodowe@0,Gdynia
18.574630,54.338260,Warsztaty Samochodowe@0,Gdańsk
18.552360,54.342270,Warsztaty Samochodowe@0,Gdańsk
19.424800,51.798861,Warsztaty Samochodowe@0,Łódź
18.759477,54.111845,Warsztaty Samochodowe@0,Tczew
18.775693,54.074659,Warsztaty Samochodowe@0,Tczew
18.635005,53.586391,Warsztaty Samochodowe@0,Warlubie
18.349310,54.608790,Warsztaty Samochodowe@0,Reda
19.435188,51.752471,Warsztaty Samochodowe@0,Łódź
19.061261,52.651164,Warsztaty Samochodowe@0,Włocławek
18.062390,53.181210,Warsztaty Samochodowe@0,Osielsko
17.967400,53.115870,Warsztaty Samochodowe@0,Bydgoszcz
17.709720,52.837150,Warsztaty Samochodowe@0,Żnin
17.462060,52.512880,Warsztaty Samochodowe@0,Łubowo
17.147910,52.466370,Warsztaty Samochodowe@0,Bugaj
19.992470,50.025351,Warsztaty Samochodowe@0,Kraków
19.905458,50.017954,Warsztaty Samochodowe@0,Kraków
19.908220,50.021040,Warsztaty Samochodowe@0,Kraków
19.911521,50.024154,Warsztaty Samochodowe@0,Kraków
17.016360,52.407250,Warsztaty Samochodowe@0,Poznań
19.847902,50.043738,Warsztaty Samochodowe@0,Kraków
16.896860,52.348890,Warsztaty Samochodowe@0,Luboń
19.898615,50.058166,Warsztaty Samochodowe@0,Kraków
19.983911,50.045716,Warsztaty Samochodowe@0,Kraków
19.870508,50.080905,Warsztaty Samochodowe@0,Kraków
19.918976,50.080304,Warsztaty Samochodowe@0,Kraków
19.916946,50.087287,Warsztaty Samochodowe@0,Kraków
16.876250,52.345840,Warsztaty Samochodowe@0,Luboń
16.823930,52.432240,Warsztaty Samochodowe@0,Poznań
16.821660,52.432200,Warsztaty Samochodowe@0,Poznań
16.818320,52.432960,Warsztaty Samochodowe@0,Poznań
16.785310,52.433240,Warsztaty Samochodowe@0,Przeźmierowo
16.785350,52.433910,Warsztaty Samochodowe@0,Przeźmierowo
16.818080,52.413170,Warsztaty Samochodowe@0,Poznań
16.818180,52.406640,Warsztaty Samochodowe@0,Poznań
19.929428,50.051319,Warsztaty Samochodowe@60,Kraków
16.868370,52.410100,Warsztaty Samochodowe@0,Poznań
16.038909,50.787021,Warsztaty Samochodowe@0,Kamienna Góra
19.725334,51.946000,Warsztaty Samochodowe@0,Głowno
19.721911,51.948274,Warsztaty Samochodowe@0,Głowno
19.723639,51.947699,Warsztaty Samochodowe@0,Głowno
17.084050,52.420461,Warsztaty Samochodowe@0,Swarzędz
16.093228,50.902119,Warsztaty Samochodowe@0,Wierzchosławice
16.037603,50.808701,Warsztaty Samochodowe@0,Dębrznik
16.018043,50.780626,Warsztaty Samochodowe@0,Kamienna Góra
18.480478,54.430857,Warsztaty Samochodowe@0,Gdańsk
19.875103,50.018254,Warsztaty Samochodowe@60,Kraków
18.633053,54.403028,Warsztaty Samochodowe@0,Gdańsk
18.632371,54.402837,Warsztaty Samochodowe@0,Gdańsk
18.449209,54.417896,Warsztaty Samochodowe@0,Gdańsk
22.571272,51.256202,Warsztaty Samochodowe@60,Lublin
22.573567,51.277246,Warsztaty Samochodowe@60,Lublin
17.079253,51.138541,Warsztaty Samochodowe@60,Wrocław
16.916863,52.439942,Warsztaty Samochodowe@0,Poznań
16.913593,52.436138,Warsztaty Samochodowe@0,Poznań
16.882872,52.455148,Warsztaty Samochodowe@0,Poznań
20.494414,50.143290,Warsztaty Samochodowe@0,Jaksice
19.581408,51.753104,Warsztaty Samochodowe@0,Łódź
18.628677,54.310221,Warsztaty Samochodowe@0,Gdańsk
18.455418,54.346088,Warsztaty Samochodowe@0,Leźno
18.466402,54.544052,Warsztaty Samochodowe@0,Gdynia
18.469183,54.544788,Warsztaty Samochodowe@0,Gdynia
18.467544,54.548906,Warsztaty Samochodowe@0,Gdynia
18.472860,54.556953,Warsztaty Samochodowe@0,Gdynia
18.457725,54.545634,Warsztaty Samochodowe@0,Gdynia
18.980903,50.263931,Warsztaty Samochodowe@0,Katowice
18.974568,50.252682,Warsztaty Samochodowe@0,Katowice
18.551025,54.548120,Warsztaty Samochodowe@0,Gdynia
18.546769,54.553378,Warsztaty Samochodowe@0,Gdynia
16.924870,51.139742,Warsztaty Samochodowe@60,Wrocław
16.968537,51.129666,Warsztaty Samochodowe@60,Wrocław
16.986513,51.123870,Warsztaty Samochodowe@60,Wrocław
18.514229,54.551346,Warsztaty Samochodowe@0,Gdynia
18.510948,54.550004,Warsztaty Samochodowe@0,Gdynia
14.531196,53.433328,Warsztaty Samochodowe@60,Szczecin
20.987630,52.236569,Warsztaty Samochodowe@60,Warszawa
18.586597,54.394758,Warsztaty Samochodowe@0,Gdańsk
19.446834,51.792945,Warsztaty Samochodowe@60,Łódź
18.598028,54.415411,Warsztaty Samochodowe@0,Gdańsk
17.308273,50.947736,Warsztaty Samochodowe@60,Oława
17.308784,50.948497,Warsztaty Samochodowe@0,Oława
17.311378,50.950333,Warsztaty Samochodowe@60,Oława
18.582491,54.393589,Warsztaty Samochodowe@0,Gdańsk
20.300067,52.959045,Warsztaty Samochodowe@60,Mdzewo
20.365602,53.090406,Warsztaty Samochodowe@60,Mława
20.050819,53.648026,Warsztaty Samochodowe@60,Grabin
20.404518,53.803517,Warsztaty Samochodowe@0,Olsztyn
17.967328,50.046699,Warsztaty Samochodowe@0,Dzierżysław
20.469475,53.781734,Warsztaty Samochodowe@0,Olsztyn
22.276603,52.180789,Warsztaty Samochodowe@0,Siedlce
14.560739,53.454919,Warsztaty Samochodowe@60,Szczecin
18.267357,51.304045,Warsztaty Samochodowe@60,Nowy Ochędzyn
18.553341,51.227658,Warsztaty Samochodowe@60,Wieluń
21.405196,50.064284,Warsztaty Samochodowe@0,Dębica
19.241107,51.341991,Warsztaty Samochodowe@60,Kluki
19.407782,51.392486,Warsztaty Samochodowe@60,Kanada
19.461595,51.411651,Warsztaty Samochodowe@60,Wielopole
18.467952,54.473400,Warsztaty Samochodowe@0,Gdynia
19.608396,51.413069,Warsztaty Samochodowe@60,Dąbrówka
16.809328,51.759007,Warsztaty Samochodowe@0,Poniec
18.568647,54.418304,Warsztaty Samochodowe@0,Gdańsk
17.921583,51.283339,Warsztaty Samochodowe@60,Bralin
18.531705,54.510863,Warsztaty Samochodowe@0,Gdynia
16.870131,51.583230,Warsztaty Samochodowe@60,Kąty
18.540535,54.478245,Warsztaty Samochodowe@0,Gdynia
18.464556,54.501672,Warsztaty Samochodowe@0,Gdynia
15.937615,51.133432,Warsztaty Samochodowe@0,Złotoryja
18.480623,54.563539,Warsztaty Samochodowe@0,Gdynia
21.941441,51.628997,Warsztaty Samochodowe@0,Ryki
16.178418,51.215607,Warsztaty Samochodowe@0,Legnica
21.962541,49.585802,Warsztaty Samochodowe@60,Besko
21.873068,49.575491,Warsztaty Samochodowe@60,Rymanów
21.783651,49.644822,Warsztaty Samochodowe@60,Miejsce Piastowe
21.744641,49.690011,Warsztaty Samochodowe@60,Krosno
21.729130,49.707414,Warsztaty Samochodowe@60,Krosno
21.723312,49.714164,Warsztaty Samochodowe@60,Krosno
21.425926,49.778953,Warsztaty Samochodowe@60,Jasło
18.634716,54.331339,Warsztaty Samochodowe@0,Gdańsk
17.288021,53.641752,Warsztaty Samochodowe@0,Jaromierz
16.865292,52.312254,Warsztaty Samochodowe@0,Wiry
16.847026,52.323574,Warsztaty Samochodowe@0,Wiry
16.842394,52.327041,Warsztaty Samochodowe@0,Wiry
20.904430,49.978682,Warsztaty Samochodowe@60,Zgłobice
20.505921,49.976246,Warsztaty Samochodowe@60,Łazy
20.744928,49.620888,Warsztaty Samochodowe@60,Nowy Sącz
19.886588,49.972004,Warsztaty Samochodowe@0,Libertów
17.611533,52.512358,Warsztaty Samochodowe@0,Gniezno
18.587530,54.332765,Warsztaty Samochodowe@0,Gdańsk
20.388483,52.216030,Warsztaty Samochodowe@0,Topołowa
17.972923,53.116360,Warsztaty Samochodowe@0,Bydgoszcz
14.570509,53.541011,Warsztaty Samochodowe@0,Police
19.967688,52.118301,Warsztaty Samochodowe@0,Łowicz
19.930856,52.120626,Warsztaty Samochodowe@0,Łowicz
18.660948,54.373235,Warsztaty Samochodowe@0,Gdańsk
19.928686,52.120742,Warsztaty Samochodowe@0,Łowicz
16.227218,54.191459,Warsztaty Samochodowe@0,Koszalin
20.325897,49.862791,Warsztaty Samochodowe@60,Dębina
20.282544,49.867112,Warsztaty Samochodowe@60,Łapanów
18.510497,52.011589,Warsztaty Samochodowe@0,Turek
21.256489,52.355161,Warsztaty Samochodowe@0,Wołomin
21.280447,52.367069,Warsztaty Samochodowe@0,Zagościniec
16.861987,52.425663,Warsztaty Samochodowe@60,Poznań
20.815663,52.173473,Warsztaty Samochodowe@60,Pruszków
20.837049,52.173574,Warsztaty Samochodowe@60,Pruszków
21.061327,52.189536,Warsztaty Samochodowe@60,Warszawa
17.990122,51.304995,Warsztaty Samochodowe@0,Kępno
18.669740,49.985923,Warsztaty Samochodowe@0,Krzyżowice
21.255152,52.235651,Warsztaty Samochodowe@60,Sulejówek
18.024958,53.117880,Warsztaty Samochodowe@0,Bydgoszcz
16.990361,51.082541,Warsztaty Samochodowe@0,Wrocław
18.021616,53.118793,Warsztaty Samochodowe@0,Bydgoszcz
18.011456,53.119570,Warsztaty Samochodowe@0,Bydgoszcz
21.221867,52.150126,Warsztaty Samochodowe@60,Józefów
21.159046,52.213084,Warsztaty Samochodowe@60,Warszawa
17.029886,51.099262,Warsztaty Samochodowe@60,Wrocław
19.140040,50.316486,Warsztaty Samochodowe@0,Bedzin
17.755687,54.533465,Warsztaty Samochodowe@0,Lębork
21.060002,52.268872,Warsztaty Samochodowe@60,Warszawa
19.458428,51.803742,Warsztaty Samochodowe@60,Łódź
19.451401,51.817854,Warsztaty Samochodowe@60,Łódź
19.490947,51.801206,Warsztaty Samochodowe@60,Łódź
19.518539,51.824178,Warsztaty Samochodowe@60,Łódź
19.545561,51.836701,Warsztaty Samochodowe@60,Łódź
21.073588,52.241715,Warsztaty Samochodowe@0,Warszawa
21.123890,52.235925,Warsztaty Samochodowe@60,Warszawa
21.115106,52.239051,Warsztaty Samochodowe@60,Warszawa
21.043406,52.274346,Warsztaty Samochodowe@60,Warszawa
21.103496,52.321634,Warsztaty Samochodowe@60,Marki
21.149472,52.224853,Warsztaty Samochodowe@60,Warszawa
23.117906,53.116741,Warsztaty Samochodowe@0,Białystok
21.210971,52.224361,Warsztaty Samochodowe@60,Warszawa
20.994700,52.137200,Warsztaty Samochodowe@0,Warszawa
20.959721,52.221556,Warsztaty Samochodowe@60,Warszawa
23.200933,53.162314,Warsztaty Samochodowe@0,Białystok
23.152893,53.140182,Warsztaty Samochodowe@0,Białystok
23.134332,53.137934,Warsztaty Samochodowe@0,Białystok
23.132717,53.137600,Warsztaty Samochodowe@0,Białystok
23.131778,53.136612,Warsztaty Samochodowe@0,Białystok
23.126253,53.135952,Warsztaty Samochodowe@0,Białystok
20.972139,52.321878,Warsztaty Samochodowe@60,Warszawa
23.183384,53.117269,Warsztaty Samochodowe@0,Białystok
23.173733,53.116056,Warsztaty Samochodowe@0,Białystok
23.170536,53.114607,Warsztaty Samochodowe@0,Białystok
19.126248,50.819635,Warsztaty Samochodowe@0,Częstochowa
23.099275,53.151675,Warsztaty Samochodowe@0,Białystok
23.088946,53.145590,Warsztaty Samochodowe@0,Białystok
23.112981,53.149820,Warsztaty Samochodowe@0,Białystok
23.120781,53.138668,Warsztaty Samochodowe@0,Białystok
23.121092,53.139556,Warsztaty Samochodowe@0,Białystok
16.918447,52.426919,Warsztaty Samochodowe@60,Poznań
19.746621,52.537369,Warsztaty Samochodowe@0,Płock
20.355499,52.615517,Warsztaty Samochodowe@0,Płońsk
20.358353,52.635863,Warsztaty Samochodowe@0,Płońsk
18.594722,50.029253,Warsztaty Samochodowe@0,Świerklany
14.492844,53.426879,Warsztaty Samochodowe@0,Szczecin
17.371369,50.885692,Warsztaty Samochodowe@0,Gać
18.820294,49.702783,Warsztaty Samochodowe@0,Ustroń
17.260970,50.961889,Warsztaty Samochodowe@0,Oława
17.092142,51.069641,Warsztaty Samochodowe@0,Wrocław
17.416820,50.861216,Warsztaty Samochodowe@0,Brzeg
17.311505,50.909624,Warsztaty Samochodowe@0,Oława
19.338024,49.847639,Warsztaty Samochodowe@0,Andrychów
16.910192,52.416838,Warsztaty Samochodowe@60,Poznań
19.433722,50.344114,Warsztaty Samochodowe@0,Dąbrowa Górnicza
16.948323,51.097164,Warsztaty Samochodowe@60,Wrocław
22.571856,51.263753,Warsztaty Samochodowe@60,Lublin
22.561760,51.270141,Warsztaty Samochodowe@60,Lublin
23.183603,53.146175,Warsztaty Samochodowe@60,Białystok
19.487431,51.727947,Warsztaty Samochodowe@60,Łódź
21.018282,52.154703,Warsztaty Samochodowe@60,Warszawa
21.036769,52.067138,Warsztaty Samochodowe@0,Piaseczno
20.916252,52.236572,Warsztaty Samochodowe@0,Warszawa
21.753175,50.686435,Warsztaty Samochodowe@0,Sandomierz
21.725264,50.697258,Warsztaty Samochodowe@0,Sandomierz
21.723159,50.688378,Warsztaty Samochodowe@0,Sandomierz
19.597684,51.895980,Warsztaty Samochodowe@0,Stryków
19.644595,51.925254,Warsztaty Samochodowe@0,Bratoszewice
21.127053,52.256291,Warsztaty Samochodowe@60,Warszawa
21.130954,52.249504,Warsztaty Samochodowe@60,Warszawa
21.132560,52.246952,Warsztaty Samochodowe@60,Warszawa
21.135351,52.243313,Warsztaty Samochodowe@60,Warszawa
21.127830,52.235204,Warsztaty Samochodowe@60,Warszawa
19.159169,53.383789,Warsztaty Samochodowe@0,Jabłonowo Pomorskie
19.044929,50.223831,Warsztaty Samochodowe@0,Katowice
21.133157,52.184479,Warsztaty Samochodowe@60,Warszawa
21.140888,52.225454,Warsztaty Samochodowe@60,Warszawa
21.140642,52.228683,Warsztaty Samochodowe@60,Warszawa
22.585721,51.176348,Warsztaty Samochodowe@0,Lublin
22.585858,51.177981,Warsztaty Samochodowe@0,Lublin
22.586120,51.195472,Warsztaty Samochodowe@0,Lublin
16.909260,52.445971,Warsztaty Samochodowe@0,Poznań
22.549415,51.225104,Warsztaty Samochodowe@0,Lublin
22.562453,51.229970,Warsztaty Samochodowe@0,Lublin
22.591175,51.215765,Warsztaty Samochodowe@0,Lublin
22.578226,51.232140,Warsztaty Samochodowe@0,Lublin
18.627234,54.246221,Warsztaty Samochodowe@0,Gdański
22.576946,51.220201,Warsztaty Samochodowe@0,Lublin
21.728262,50.689631,Warsztaty Samochodowe@0,Sandomierz
21.719799,50.697116,Warsztaty Samochodowe@0,Sandomierz
17.900382,50.658545,Warsztaty Samochodowe@0,Opole
21.069670,52.286535,Warsztaty Samochodowe@0,Warszawa
23.356386,53.651862,Warsztaty Samochodowe@0,Dąbrowa Białostocka
23.349048,53.656796,Warsztaty Samochodowe@0,Dąbrowa Białostocka
22.597382,51.237372,Warsztaty Samochodowe@0,Lublin
21.151278,51.426186,Warsztaty Samochodowe@0,Radom
21.730962,50.673980,Warsztaty Samochodowe@0,Sandomierz
21.797347,53.626362,Warsztaty Samochodowe@0,Pisz
23.356966,53.653585,Warsztaty Samochodowe@0,Dąbrowa Białostocka
18.508628,54.610140,Warsztaty Samochodowe@0,Mechelinki
21.559772,50.471495,Warsztaty Samochodowe@0,Wola Baranowska
14.515499,53.433485,Warsztaty Samochodowe@60,Szczecin
14.485397,53.449804,Warsztaty Samochodowe@60,Szczecin
20.984135,52.235854,Warsztaty Samochodowe@60,Warszawa
15.485219,52.588327,Warsztaty Samochodowe@0,Skwierzyna
21.094753,52.309707,Warsztaty Samochodowe@60,Warszawa
21.075720,52.287989,Warsztaty Samochodowe@60,Warszawa
21.158364,52.386625,Warsztaty Samochodowe@60,Warszawa
21.162062,52.390888,Warsztaty Samochodowe@60,Warszawa
15.508860,52.600451,Warsztaty Samochodowe@0,Skwierzyna
16.870931,51.120280,Warsztaty Samochodowe@60,Wrocław
16.913660,51.125240,Warsztaty Samochodowe@60,Wrocław
14.725329,51.958959,Warsztaty Samochodowe@0,Gubin
14.735879,51.949208,Warsztaty Samochodowe@0,Gubin
23.125527,53.123979,Warsztaty Samochodowe@60,Białystok
23.133124,53.125027,Warsztaty Samochodowe@60,Białystok
16.991369,51.063151,Warsztaty Samochodowe@60,Wrocław
22.586429,51.206603,Warsztaty Samochodowe@0,Lublin
22.458676,51.218594,Warsztaty Samochodowe@0,Lublin
21.757540,50.643298,Warsztaty Samochodowe@0,Wielowieś
19.398914,51.773778,Warsztaty Samochodowe@60,Łódź
19.396312,51.781024,Warsztaty Samochodowe@60,Łódź
19.427900,51.764539,Warsztaty Samochodowe@60,Łódź
19.505367,51.735232,Warsztaty Samochodowe@60,Łódź
19.431126,51.792881,Warsztaty Samochodowe@60,Łódź
20.026401,49.987016,Warsztaty Samochodowe@0,Wieliczka
19.552645,51.754638,Warsztaty Samochodowe@60,Łódź
20.909491,52.254617,Warsztaty Samochodowe@60,Warszawa
20.888246,52.285505,Warsztaty Samochodowe@60,Warszawa
20.891982,52.285323,Warsztaty Samochodowe@60,Warszawa
22.362805,49.831831,Warsztaty Samochodowe@0,Przedmieście Dubieckie
22.401488,49.822951,Warsztaty Samochodowe@0,Nienadowa
22.617622,51.259207,Warsztaty Samochodowe@0,Lublin
22.504453,51.272575,Warsztaty Samochodowe@0,Lublin
18.172345,53.148598,Warsztaty Samochodowe@0,Bydgoszcz
22.500182,51.168855,Warsztaty Samochodowe@0,Lublin
19.963291,50.021491,Warsztaty Samochodowe@60,Kraków
19.960785,50.019909,Warsztaty Samochodowe@60,Kraków
14.420100,52.962184,Warsztaty Samochodowe@0,Chojna
14.445506,52.960529,Warsztaty Samochodowe@0,Chojna
14.436633,52.958068,Warsztaty Samochodowe@0,Chojna
14.405479,52.950158,Warsztaty Samochodowe@0,Chojna
19.774790,52.566438,Warsztaty Samochodowe@0,Stróżewko
14.492142,53.250217,Warsztaty Samochodowe@0,Gryfino
16.503873,50.902008,Warsztaty Samochodowe@0,Wierzbna
19.149627,49.473463,Warsztaty Samochodowe@0,Ujsoły
16.533737,50.565780,Warsztaty Samochodowe@0,Nowa Ruda
16.484221,50.615611,Warsztaty Samochodowe@0,Ludwikowice
22.793734,49.783065,Warsztaty Samochodowe@0,Przemyśl
18.460423,54.526558,Warsztaty Samochodowe@0,Gdynia
18.632737,54.246531,Warsztaty Samochodowe@0,Pruszcz Gdański
20.933456,52.432254,Warsztaty Samochodowe@0,Łajski
20.957687,52.421470,Warsztaty Samochodowe@0,Michałów-Reginów
17.621979,52.972887,Warsztaty Samochodowe@0,Królikowo
16.751574,53.164252,Warsztaty Samochodowe@0,Piła
14.534322,53.397788,Warsztaty Samochodowe@0,Szczecin
17.060963,51.045171,Warsztaty Samochodowe@0,Wrocław
21.992923,50.046909,Warsztaty Samochodowe@0,Rzeszów
16.179746,54.196010,Warsztaty Samochodowe@0,Koszalin
16.211134,54.196352,Warsztaty Samochodowe@0,Koszalin
20.112461,54.112750,Warsztaty Samochodowe@0,Orneta
20.803597,54.259139,Warsztaty Samochodowe@0,Bartoszyce
21.971943,50.014355,Warsztaty Samochodowe@60,Rzeszów
22.015319,50.018547,Warsztaty Samochodowe@60,Rzeszów
21.993195,50.061127,Warsztaty Samochodowe@60,Rzeszów
16.214168,51.397077,Warsztaty Samochodowe@0,Lubin
20.808387,54.241724,Warsztaty Samochodowe@0,Bartoszyce
16.166510,51.405658,Warsztaty Samochodowe@0,Lubin
14.888014,53.126583,Warsztaty Samochodowe@0,Pyrzyce
20.948235,49.369953,Warsztaty Samochodowe@0,Powroźnik
20.946706,49.369879,Warsztaty Samochodowe@0,Powroźnik
20.647849,50.901906,Warsztaty Samochodowe@0,Kielce
15.886879,54.046567,Warsztaty Samochodowe@0,Karlino
15.746855,53.759667,Warsztaty Samochodowe@0,Świdwin
15.749497,53.760483,Warsztaty Samochodowe@0,Świdwin
15.768215,53.770585,Warsztaty Samochodowe@0,Świdwin
18.495601,50.106164,Warsztaty Samochodowe@0,Rybnik
15.612874,53.625861,Warsztaty Samochodowe@0,Łobez
17.355108,50.454941,Warsztaty Samochodowe@60,Nysa
17.357048,50.452933,Warsztaty Samochodowe@60,Nysa
22.220438,50.919132,Warsztaty Samochodowe@0,Kraśnik
22.707425,51.905602,Warsztaty Samochodowe@0,Kąkolewnica
19.960770,50.013370,Warsztaty Samochodowe@0,Kraków
15.201643,51.545408,Warsztaty Samochodowe@0,Konin Żagański
19.745752,53.504821,Warsztaty Samochodowe@0,Lubawa
21.466203,49.736673,Warsztaty Samochodowe@60,Jasło
20.175263,53.239963,Warsztaty Samochodowe@0,Działdowo
22.829269,49.783427,Warsztaty Samochodowe@60,Przemyśl
18.860338,50.440326,Warsztaty Samochodowe@60,Tarnowskie Góry
17.024237,54.483907,Warsztaty Samochodowe@60,Słupsk
18.222174,51.302003,Warsztaty Samochodowe@0,Chobanin
18.209453,50.985375,Warsztaty Samochodowe@60,Kluczbork
18.631549,54.385660,Warsztaty Samochodowe@0,Gdańsk
18.622284,54.348100,Warsztaty Samochodowe@0,Gdańsk
18.635530,54.357045,Warsztaty Samochodowe@0,Gdańsk
18.659292,54.391482,Warsztaty Samochodowe@0,Gdańsk
15.684174,51.797379,Warsztaty Samochodowe@0,Rudno
22.627480,51.777493,Warsztaty Samochodowe@0,Radzyń Podlaski
18.236039,53.897298,Warsztaty Samochodowe@0,Frank
16.329240,51.113121,Warsztaty Samochodowe@0,Wądroże Wielkie
19.355023,51.359262,Warsztaty Samochodowe@60,Bełchatów
18.598754,53.035292,Warsztaty Samochodowe@0,Toruń
22.028365,49.969815,Warsztaty Samochodowe@60,Tyczyn
19.136919,50.782528,Warsztaty Samochodowe@60,Częstochowa
19.105273,50.795374,Warsztaty Samochodowe@60,Częstochowa
19.089596,50.772440,Warsztaty Samochodowe@60,Częstochowa
14.587196,53.406224,Warsztaty Samochodowe@0,Szczecin
16.256178,50.789348,Warsztaty Samochodowe@60,Wałbrzych
18.933698,53.277230,Warsztaty Samochodowe@0,Wąbrzeźno
20.785682,52.162455,Warsztaty Samochodowe@0,Pruszków
16.650059,52.349143,Warsztaty Samochodowe@0,Dopiewo
18.552840,51.171775,Warsztaty Samochodowe@60,Kadłub
19.456090,51.741898,Warsztaty Samochodowe@0,Łódź
18.632000,50.011672,Warsztaty Samochodowe@60,Jastrzębie-Zdrój
16.114515,53.081092,Warsztaty Samochodowe@60,Człopa
15.521362,52.872580,Warsztaty Samochodowe@60,Strzelce Krajeńskie
15.726119,54.134567,Warsztaty Samochodowe@0,Dygowo
15.602926,54.167379,Warsztaty Samochodowe@0,Kołobrzeg
15.589224,54.175457,Warsztaty Samochodowe@0,Kołobrzeg
22.727124,50.253240,Warsztaty Samochodowe@0,Krasne
15.552241,54.164927,Warsztaty Samochodowe@0,Kołobrzeg
20.998951,52.071161,Warsztaty Samochodowe@0,Piaseczno
22.287593,49.890485,Warsztaty Samochodowe@0,Jawornik Polski
18.643810,49.752173,Warsztaty Samochodowe@0,Cieszyn
18.892778,50.327461,Warsztaty Samochodowe@0,Śląska
20.821447,52.184339,Warsztaty Samochodowe@0,Pruszków
20.956131,52.191050,Warsztaty Samochodowe@0,Warszawa
17.108414,51.166947,Warsztaty Samochodowe@0,WROCŁAW
17.714684,51.304080,Warsztaty Samochodowe@60,Syców
21.705551,50.910231,Warsztaty Samochodowe@0,Czachów
18.410297,54.788174,Warsztaty Samochodowe@0,Władysławowo
22.097880,49.895678,Warsztaty Samochodowe@0,Błażowa
22.094056,49.905375,Warsztaty Samochodowe@0,Błażowa Dolna
15.287203,51.125193,Warsztaty Samochodowe@60,Lubań 
16.619745,52.079532,Warsztaty Samochodowe@0,Pelikan
16.621080,52.076178,Warsztaty Samochodowe@0,Kościan
16.044037,50.782657,Warsztaty Samochodowe@0,Kamienna Góra
18.238335,50.584824,Warsztaty Samochodowe@0,Grodzisko
15.685845,50.892527,Warsztaty Samochodowe@0,Jelenia Góra
17.917822,52.167639,Warsztaty Samochodowe@0,Zagórów
21.393253,50.948533,Warsztaty Samochodowe@0,Świętokrzyski
19.190243,50.600132,Warsztaty Samochodowe@0,Koziegłówki 21
22.221641,52.407584,Warsztaty Samochodowe@0,Sokołów Podlaski
19.042275,49.816414,Warsztaty Samochodowe@60,Bielsko-Biała
19.058822,49.821223,Warsztaty Samochodowe@60,Bielsko-Biała
16.836132,50.791702,Warsztaty Samochodowe@60,Łagiewniki
20.977299,52.080337,Warsztaty Samochodowe@0,Stara Iwiczna
21.114564,52.238937,Warsztaty Samochodowe@0,Warszawa
18.218235,50.960079,Warsztaty Samochodowe@60,Kluczbork
14.573997,52.349121,Warsztaty Samochodowe@0,Słubice
18.635269,54.231581,Warsztaty Samochodowe@0,Cieplewo
20.143406,49.853660,Warsztaty Samochodowe@0,Raciechowice
15.839986,52.852670,Warsztaty Samochodowe@0,Drezdenko
16.249438,52.504611,Warsztaty Samochodowe@0,Pniewy
21.039612,52.062419,Warsztaty Samochodowe@0,Piaseczno-Siedliska
21.879178,49.919819,Warsztaty Samochodowe@60,Wyżne
21.063076,52.240014,Warsztaty Samochodowe@0,Warszawa
16.353812,50.971426,Warsztaty Samochodowe@0,Strzegom
16.353037,50.971883,Warsztaty Samochodowe@0,Strzegom
21.080898,51.400027,Warsztaty Samochodowe@60,Radom
18.579291,51.222077,Warsztaty Samochodowe@60,Wieluń
22.294669,52.171802,Warsztaty Samochodowe@60,Siedlce
18.177253,51.740822,Warsztaty Samochodowe@60,Opatówek
19.572274,50.561615,Warsztaty Samochodowe@60,Kroczyce
16.916244,52.393810,Warsztaty Samochodowe@0,Poznań
20.604794,52.098694,Warsztaty Samochodowe@60,Grodzisk Mazowiecki
18.577706,49.955254,Warsztaty Samochodowe@60,Jastrzębie-Zdrój
19.888258,49.949550,Warsztaty Samochodowe@0,Mogilany
15.533884,51.563905,Warsztaty Samochodowe@60,Szprotawa
19.657449,50.128536,Warsztaty Samochodowe@0,Nawojowa Góra
19.999296,52.734563,Warsztaty Samochodowe@60,Drobin
21.776851,54.046669,Warsztaty Samochodowe@60,Giżycko
17.102505,51.191004,Warsztaty Samochodowe@0,Ramiszów
20.581718,52.893497,Warsztaty Samochodowe@60,Ciechanów
19.146574,50.183082,Warsztaty Samochodowe@60,Mysłowice
19.134847,50.185705,Warsztaty Samochodowe@60,Mysłowice
20.403251,53.358934,Warsztaty Samochodowe@60,Nidzica
22.027735,49.970476,Warsztaty Samochodowe@0,Tyczyn
22.006816,50.025543,Warsztaty Samochodowe@60,Rzeszów
22.005039,50.055690,Warsztaty Samochodowe@60,Rzeszów
22.875673,51.633541,Warsztaty Samochodowe@60,Parczew
18.529323,53.987499,Warsztaty Samochodowe@60,Kokoszkowy
17.285174,50.944170,Warsztaty Samochodowe@60,Oława
17.289133,50.947974,Warsztaty Samochodowe@60,Oława
17.286741,50.942473,Warsztaty Samochodowe@0,Oława
17.314765,50.946497,Warsztaty Samochodowe@60,Oława
17.313141,50.948681,Warsztaty Samochodowe@0,Oława
17.300948,50.941053,Warsztaty Samochodowe@60,Oława
17.309475,50.941042,Warsztaty Samochodowe@60,Oława
17.297930,50.926567,Warsztaty Samochodowe@60,Oława
17.225215,50.982743,Warsztaty Samochodowe@60,Marcinkowice
14.568864,52.353860,Warsztaty Samochodowe@60,Słubice
19.472446,50.173463,Warsztaty Samochodowe@0,Trzebinia
17.416953,50.861640,Warsztaty Samochodowe@0,Brzeg
17.079963,50.776088,Warsztaty Samochodowe@60,Strzelin
17.085367,50.778584,Warsztaty Samochodowe@60,Strzelin
17.311565,51.022817,Warsztaty Samochodowe@60,Jelcz-Laskowice
17.301634,51.024964,Warsztaty Samochodowe@60,Jelcz-Laskowice
17.299185,51.025636,Warsztaty Samochodowe@60,Jelcz-Laskowice
18.171825,50.342850,Warsztaty Samochodowe@60,Kędzierzyn-Koźle
21.584466,52.177756,Warsztaty Samochodowe@60,Mińsk Mazowiecki
19.012340,50.313441,Warsztaty Samochodowe@60,Siemianowice Śląskie
19.469395,52.417980,Warsztaty Samochodowe@60,Gostynin
20.103281,49.885620,Warsztaty Samochodowe@60,Dobczyce
22.053965,53.158617,Warsztaty Samochodowe@60,Łomża
21.773330,50.701466,Warsztaty Samochodowe@0,Gerlachów
18.618465,54.343451,Warsztaty Samochodowe@0,Gdańsk
18.658788,54.357940,Warsztaty Samochodowe@0,Gdańsk
18.343586,54.596602,Warsztaty Samochodowe@0,Reda
22.480350,51.275471,Warsztaty Samochodowe@0,Dębówka 10
19.364653,50.631562,Warsztaty Samochodowe@0,Żarki
14.880610,52.923061,Warsztaty Samochodowe@0,Myślibórz
19.436510,51.820759,Warsztaty Samochodowe@0,Łódź
21.278844,51.306599,Warsztaty Samochodowe@0,Skaryszew
14.483384,53.440459,Warsztaty Samochodowe@0,Szczecin
14.483088,53.440376,Warsztaty Samochodowe@0,Szczecin
14.484170,53.440573,Warsztaty Samochodowe@0,Szczecin
20.059479,50.568595,Warsztaty Samochodowe@0,Sędziszów
18.710232,50.268167,Warsztaty Samochodowe@0,Gliwice
23.154947,53.149345,Warsztaty Samochodowe@0,Białystok
22.245959,50.069035,Warsztaty Samochodowe@0,Łańcut
18.257571,52.206765,Warsztaty Samochodowe@0,Konin
18.261356,52.206364,Warsztaty Samochodowe@0,Konin
18.013395,50.084185,Warsztaty Samochodowe@0,Kietrz
18.347033,54.613262,Warsztaty Samochodowe@0,Reda
18.352741,54.617542,Warsztaty Samochodowe@0,Reda
18.356314,54.593562,Warsztaty Samochodowe@0,Reda
18.342637,54.618790,Warsztaty Samochodowe@0,Reda
18.323949,54.604507,Warsztaty Samochodowe@0,Reda
21.742455,49.691027,Warsztaty Samochodowe@0,Krosno
21.869177,51.563801,Warsztaty Samochodowe@0,Dęblin
21.574914,52.181198,Warsztaty Samochodowe@0,Mińsk Mazowiecki
21.153769,49.650440,Warsztaty Samochodowe@0,Gorlice
19.898295,49.984365,Warsztaty Samochodowe@0,Kraków
17.412702,51.676039,Warsztaty Samochodowe@0,Krotoszyn
21.779295,49.634092,Warsztaty Samochodowe@0,Miejsce Piastowe
15.460360,52.254111,Warsztaty Samochodowe@0,Wilkowo
15.744177,51.788548,Warsztaty Samochodowe@0,Nowa Sól
21.468305,52.602978,Warsztaty Samochodowe@0,Wyszków
21.477091,52.612085,Warsztaty Samochodowe@0,Wyszków
21.448735,52.604351,Warsztaty Samochodowe@0,Wyszków
21.456395,52.605802,Warsztaty Samochodowe@0,Wyszków
18.272963,52.797074,Warsztaty Samochodowe@0,Inowrocław
20.943385,52.176356,Warsztaty Samochodowe@0,Warszawa
20.935322,52.149917,Warsztaty Samochodowe@0,Raszyn
20.941933,52.148306,Warsztaty Samochodowe@0,Raszyn
20.957573,52.144512,Warsztaty Samochodowe@0,Raszyn
20.994586,52.126024,Warsztaty Samochodowe@0,Raszyn
19.108569,50.850685,Warsztaty Samochodowe@0,Częstochowa
19.108642,50.854467,Warsztaty Samochodowe@0,Częstochowa
18.793449,54.292212,Warsztaty Samochodowe@0,Koszwały
21.306351,53.856442,Warsztaty Samochodowe@0,Mrągowo
18.260101,52.783975,Warsztaty Samochodowe@0,Inowrocław
23.172877,52.761680,Warsztaty Samochodowe@0,Bielsk Podlaski
23.186528,52.782072,Warsztaty Samochodowe@0,Bielsk Podlaski
19.480739,50.156549,Warsztaty Samochodowe@0,Młoszowa
20.159773,54.177155,Warsztaty Samochodowe@0,Henrykowo
20.061303,54.007721,Warsztaty Samochodowe@0,Miłakowo
20.957887,51.643975,Warsztaty Samochodowe@0,Białobrzegi
16.661768,52.462440,Warsztaty Samochodowe@0,Tarnowo Podgórne
19.897349,50.007188,Warsztaty Samochodowe@0,Kraków
15.612526,52.080465,Warsztaty Samochodowe@0,Sulechów
16.627084,51.164429,Warsztaty Samochodowe@0,Środa Śląska
14.814221,53.568903,Warsztaty Samochodowe@0,Goleniów
14.816836,53.565081,Warsztaty Samochodowe@0,Goleniów
20.032575,51.539067,Warsztaty Samochodowe@0,Tomaszów Mazowiecki
21.628293,50.834172,Warsztaty Samochodowe@0,Bidziny
21.940405,51.118053,Warsztaty Samochodowe@0,Elżbieta
19.713438,51.403828,Warsztaty Samochodowe@0,Piotrków Trybunalski
19.200127,52.850431,Warsztaty Samochodowe@0,Lipno
18.894253,50.335381,Warsztaty Samochodowe@0,Bytom
18.885886,50.332337,Warsztaty Samochodowe@0,Bytom
20.719946,50.477279,Warsztaty Samochodowe@0,Busko-Zdrój
22.299205,53.289529,Warsztaty Samochodowe@0,Jedwabne
20.613522,49.979388,Warsztaty Samochodowe@0,Brzesko
17.613504,53.690124,Warsztaty Samochodowe@0,Pawłówko
16.411715,54.413910,Warsztaty Samochodowe@0,Darłowo
21.380637,50.949137,Warsztaty Samochodowe@0,Ostrowiec Świętokrzyski
19.165512,50.299495,Warsztaty Samochodowe@0,Sosnowiec
21.875358,52.791271,Warsztaty Samochodowe@0,Ostrów Mazowiecka
22.692367,53.730055,Warsztaty Samochodowe@0,Rajgród
22.710326,53.731330,Warsztaty Samochodowe@0,Rajgród
22.282495,53.561958,Warsztaty Samochodowe@0,Szczuczyn
22.283190,53.564155,Warsztaty Samochodowe@0,Szczuczyn
20.024078,50.060919,Warsztaty Samochodowe@0,Kraków
19.969865,50.079335,Warsztaty Samochodowe@0,Kraków
22.803583,53.397100,Warsztaty Samochodowe@0,Mońki
14.993477,53.343831,Warsztaty Samochodowe@0,Stargard Szczeciński
18.962038,49.946277,Warsztaty Samochodowe@0,Goczałkowice-Zdrój
19.425749,51.755336,Warsztaty Samochodowe@0,Łódź
23.182946,50.968299,Warsztaty Samochodowe@0,Krasnystaw
19.187994,50.295662,Warsztaty Samochodowe@0,Sosnowiec
23.118281,53.133220,Warsztaty Samochodowe@0,Białystok
19.914536,50.081545,Warsztaty Samochodowe@0,Kraków
19.912201,53.062604,Warsztaty Samochodowe@0,Żuromin
19.167171,50.294925,Warsztaty Samochodowe@0,Sosnowiec
20.359831,52.634985,Warsztaty Samochodowe@0,Płońsk
20.382388,52.622885,Warsztaty Samochodowe@0,Płońsk
18.166513,53.171624,Warsztaty Samochodowe@0,Bydgoszcz
18.164982,53.171383,Warsztaty Samochodowe@0,Bydgoszcz
23.482890,53.433837,Warsztaty Samochodowe@0,Kraśniany
19.184584,50.305236,Warsztaty Samochodowe@0,Sosnowiec
20.344299,52.619951,Warsztaty Samochodowe@0,Płońsk
20.347353,52.620864,Warsztaty Samochodowe@0,Płońsk
20.363769,52.622258,Warsztaty Samochodowe@0,Płońsk
18.744658,50.966802,Warsztaty Samochodowe@0,Krzepice
15.589806,52.444553,Warsztaty Samochodowe@0,Międzyrzecz
18.983645,50.123529,Warsztaty Samochodowe@0,Tychy
18.965042,50.133337,Warsztaty Samochodowe@0,Tychy
18.563233,54.428808,Warsztaty Samochodowe@0,Sopot
18.781275,50.303408,Warsztaty Samochodowe@0,Zabrze
18.775774,50.329401,Warsztaty Samochodowe@0,Zabrze
19.101491,52.644112,Warsztaty Samochodowe@0,Włocławek 87-800
18.912385,50.189937,Warsztaty Samochodowe@0,Mikołów
22.228384,50.021194,Warsztaty Samochodowe@0,Albigowa
22.407702,49.976232,Warsztaty Samochodowe@0,Kańczuga
19.774414,52.533402,Warsztaty Samochodowe@0,Nowe Gulczewo
19.791012,52.528833,Warsztaty Samochodowe@0,Płock
19.723088,52.538521,Warsztaty Samochodowe@0,Płock
23.179473,50.983634,Warsztaty Samochodowe@0,Krasnystaw
23.141863,50.995682,Warsztaty Samochodowe@0,Zakręcie
18.704824,54.351151,Warsztaty Samochodowe@0,Gdańsk
21.881834,49.899908,Warsztaty Samochodowe@0,Połomia
19.182629,49.689754,Warsztaty Samochodowe@0,Żywiec
19.984498,50.025007,Warsztaty Samochodowe@0,Kraków
18.083194,52.243835,Warsztaty Samochodowe@0,Golina
18.091095,52.242808,Warsztaty Samochodowe@0,Golina
18.104200,52.243087,Warsztaty Samochodowe@0,Golina
19.387691,49.861259,Warsztaty Samochodowe@0,Inwałd
17.823786,52.307759,Warsztaty Samochodowe@0,Strzałkowo
17.860336,52.290011,Warsztaty Samochodowe@0,Słupca
17.880354,52.282737,Warsztaty Samochodowe@0,Słupca
17.883078,52.284470,Warsztaty Samochodowe@0,Słupca
17.395374,52.086815,Warsztaty Samochodowe@0,Nowe miasto nad Wartą
16.999026,54.440474,Warsztaty Samochodowe@0,Kobylnica
17.000166,54.442329,Warsztaty Samochodowe@0,Kobylnica
21.812880,53.629638,Warsztaty Samochodowe@0,Pisz
14.962317,51.781170,Warsztaty Samochodowe@0,Lubsko
14.979107,51.824625,Warsztaty Samochodowe@0,Górzyn
14.979161,51.821252,Warsztaty Samochodowe@0,Górzyn
20.902030,52.216166,Warsztaty Samochodowe@0,Warszawa
16.016198,50.779662,Warsztaty Samochodowe@0,Kamienna Góra
18.697263,50.043098,Warsztaty Samochodowe@0,Żory
18.755686,50.087010,Warsztaty Samochodowe@0,Orzesze
18.815743,50.121503,Warsztaty Samochodowe@0,Orzesze
18.833525,50.136933,Warsztaty Samochodowe@0,Łaziska Górne
18.959252,50.144362,Warsztaty Samochodowe@0,Tychy
19.212763,50.042650,Warsztaty Samochodowe@0,Oświęcim
19.479137,49.920518,Warsztaty Samochodowe@0,Radocza
19.557391,49.867731,Warsztaty Samochodowe@0,Klecza Dolna
19.756627,49.862908,Warsztaty Samochodowe@0,Izdebnik
20.074926,49.673872,Warsztaty Samochodowe@0,Mszana Dolna
20.712101,52.145707,Warsztaty Samochodowe@0,Brwinów
20.722279,52.142125,Warsztaty Samochodowe@0,Brwinów
17.030723,51.150570,Warsztaty Samochodowe@0,Wrocław
17.033704,51.150905,Warsztaty Samochodowe@0,Wrocław
17.348550,50.495772,Warsztaty Samochodowe@0,Nysa
17.316039,50.456588,Warsztaty Samochodowe@0,Nysa
17.308348,50.458900,Warsztaty Samochodowe@0,Nysa
22.154184,49.569764,Warsztaty Samochodowe@0,Sanok
21.226747,52.344648,Warsztaty Samochodowe@0,Wołomin
18.281027,50.519838,Warsztaty Samochodowe@0,Strzelce Opolskie
18.295360,50.511326,Warsztaty Samochodowe@0,Strzelce Opolskie
18.295754,50.517228,Warsztaty Samochodowe@0,Strzelce Opolskie
18.293036,50.521728,Warsztaty Samochodowe@0,Strzelce Opolskie
18.289609,50.525036,Warsztaty Samochodowe@0,Strzelce Opolskie
18.294201,50.505148,Warsztaty Samochodowe@0,Strzelce Opolskie
18.294152,50.508728,Warsztaty Samochodowe@0,Strzelce Opolskie
18.292191,50.500549,Warsztaty Samochodowe@0,Strzelce Opolskie
19.923789,49.998573,Warsztaty Samochodowe@0,Kraków
19.929485,49.593900,Warsztaty Samochodowe@0,Chabówka
21.075929,52.208277,Warsztaty Samochodowe@0,Warszawa
16.346530,50.973542,Warsztaty Samochodowe@0,Strzegom
21.825575,53.628178,Warsztaty Samochodowe@0,Pisz
17.948496,52.870327,Warsztaty Samochodowe@0,Barcin
23.068850,52.033970,Warsztaty Samochodowe@0,Biała Podlaska
15.923033,51.126270,Warsztaty Samochodowe@0,Złotoryja
20.900966,51.119606,Warsztaty Samochodowe@0,Skarżysko-Kamienna
14.785493,53.961100,Warsztaty Samochodowe@0,Kamień Pomorski
18.195887,54.329461,Warsztaty Samochodowe@0,Kartuzy
20.885827,51.113948,Warsztaty Samochodowe@0,Skarżysko-Kamienna
17.888183,53.154843,Warsztaty Samochodowe@0,Pawłówek
19.966091,50.013203,Warsztaty Samochodowe@0,Kraków
21.186330,50.562874,Warsztaty Samochodowe@0,Staszów
20.487122,50.259296,Warsztaty Samochodowe@0,Kazimierza Wielka
20.244053,51.750699,Warsztaty Samochodowe@0,Rawa Mazowiecka
22.073778,51.174973,Warsztaty Samochodowe@0,Poniatowa
22.061031,51.189086,Warsztaty Samochodowe@0,Poniatowa
22.058924,51.187595,Warsztaty Samochodowe@0,Poniatowa
19.437608,49.982695,Warsztaty Samochodowe@0,Zator
21.046278,52.213245,Warsztaty Samochodowe@0,Warszawa
17.008745,52.410014,Warsztaty Samochodowe@0,Poznań
19.382743,51.747412,Warsztaty Samochodowe@0,Łódź
17.499419,54.180562,Warsztaty Samochodowe@0,Bytów
19.356483,51.364282,Warsztaty Samochodowe@0,Bełchatów
20.452647,49.926347,Warsztaty Samochodowe@0,Nowy Wiśnicz
15.533736,52.261130,Warsztaty Samochodowe@0,Świebodzin
20.960539,53.705386,Warsztaty Samochodowe@0,Dźwierzuty
20.958913,53.701998,Warsztaty Samochodowe@0,Dźwierzuty
18.154242,52.627794,Warsztaty Samochodowe@0,Strzelno
20.800622,52.587289,Warsztaty Samochodowe@0,Nasielsk
20.804340,52.589668,Warsztaty Samochodowe@0,Nasielsk
19.463332,50.120530,Warsztaty Samochodowe@0,Bolęcin
17.518925,53.534068,Warsztaty Samochodowe@0,Kamień Krajeński
17.905007,52.945761,Warsztaty Samochodowe@0,Łabiszyn
17.905728,52.946337,Warsztaty Samochodowe@0,Łabiszyn
17.908031,52.948771,Warsztaty Samochodowe@0,Łabiszyn
19.148374,53.387469,Warsztaty Samochodowe@0,Jabłonowo Pomorskie
19.146283,53.389461,Warsztaty Samochodowe@0,Jabłonowo Pomorskie
19.152141,53.387910,Warsztaty Samochodowe@0,Jabłonowo Pomorskie
19.555160,53.152429,Warsztaty Samochodowe@0,Świedziebnia
18.947554,50.371970,Warsztaty Samochodowe@0,Piekary Śląskie
19.643362,49.905309,Warsztaty Samochodowe@0,Stanisław Dolny
19.707064,49.919340,Warsztaty Samochodowe@0,Przytkowice
18.654896,52.858661,Warsztaty Samochodowe@0,Służewo
17.717165,50.837889,Warsztaty Samochodowe@0,Popielów
17.745584,50.828270,Warsztaty Samochodowe@0,Popielów
18.720764,52.781655,Warsztaty Samochodowe@0,Koneck
18.271300,50.701528,Warsztaty Samochodowe@0,Grodziec
17.815151,53.403604,Warsztaty Samochodowe@0,Mąkowarsko
18.216716,53.064135,Warsztaty Samochodowe@0,Solec Kujawski
18.218302,53.067241,Warsztaty Samochodowe@0,Solec Kujawski
18.462691,53.340990,Warsztaty Samochodowe@0,Chełmno
18.461331,53.340274,Warsztaty Samochodowe@0,Chełmno
18.448652,53.352702,Warsztaty Samochodowe@0,Chełmno
18.437836,53.272761,Warsztaty Samochodowe@0,Kijewo Królewskie
18.392181,53.213784,Warsztaty Samochodowe@0,Unisław
18.912255,53.057534,Warsztaty Samochodowe@0,Ciechocin
19.060219,53.108568,Warsztaty Samochodowe@0,Golub-Dobrzyń
18.911929,53.160611,Warsztaty Samochodowe@0,Kowalewo Pomorskie
19.171780,53.208907,Warsztaty Samochodowe@0,Wrocki
18.751759,53.467093,Warsztaty Samochodowe@0,Grudziądz
18.752590,53.467410,Warsztaty Samochodowe@0,Grudziądz
18.953074,53.451830,Warsztaty Samochodowe@0,Gruta
19.090263,53.518382,Warsztaty Samochodowe@0,Łasin
18.948484,53.381728,Warsztaty Samochodowe@0,Radzyń Chełmiński
18.737703,50.976701,Warsztaty Samochodowe@0,Krzepice
16.102000,51.677026,Warsztaty Samochodowe@0,Serby
18.100931,52.808101,Warsztaty Samochodowe@0,Rybitwy
18.498768,49.915362,Warsztaty Samochodowe@0,Gołkowice
18.515067,49.921182,Warsztaty Samochodowe@0,Gołkowice
18.484641,54.434261,Warsztaty Samochodowe@0,Gdańsk
18.478035,49.925812,Warsztaty Samochodowe@0,Godów
18.570636,54.365160,Warsztaty Samochodowe@0,Gdańsk
19.466392,52.754247,Warsztaty Samochodowe@0,Tłuchowo
19.468376,52.745552,Warsztaty Samochodowe@0,Tłuchowo
16.209058,51.056430,Warsztaty Samochodowe@0,Jawor
19.160139,50.874026,Warsztaty Samochodowe@0,Częstochowa
19.497515,51.805091,Warsztaty Samochodowe@0,Łódź
19.486959,51.714124,Warsztaty Samochodowe@0,Łódź
19.477155,51.692406,Warsztaty Samochodowe@0,Starowa Góra
19.476894,51.683648,Warsztaty Samochodowe@0,Rzgów
19.360796,49.856573,Warsztaty Samochodowe@0,Andrychów
19.474074,49.882596,Warsztaty Samochodowe@0,Chocznia
19.478798,49.883291,Warsztaty Samochodowe@0,Wadowice
17.931353,52.661574,Warsztaty Samochodowe@0,Mogilno
17.940408,52.662615,Warsztaty Samochodowe@0,Mogilno
17.926233,52.662072,Warsztaty Samochodowe@0,Padniewko
17.959099,52.662753,Warsztaty Samochodowe@0,Mogilno
17.961390,52.662009,Warsztaty Samochodowe@0,Mogilno
22.153923,52.584271,Warsztaty Samochodowe@0,Kosów Lacki
21.646920,50.821460,Warsztaty Samochodowe@0,Janowice 40
21.960261,53.806417,Warsztaty Samochodowe@0,Orzysz
18.605046,50.505457,Warsztaty Samochodowe@0,Wielowieś
17.499928,52.996391,Warsztaty Samochodowe@0,Kcynia
17.814366,53.058171,Warsztaty Samochodowe@0,Rynarzewo
18.576167,52.680492,Warsztaty Samochodowe@0,Dobre
18.489989,49.948687,Warsztaty Samochodowe@0,Skrzyszów
19.129042,51.591237,Warsztaty Samochodowe@0,Łask
20.694763,49.601527,Warsztaty Samochodowe@0,Nowy Sącz
17.487735,52.333648,Warsztaty Samochodowe@0,Opatówko
17.402287,52.357694,Warsztaty Samochodowe@0,Nekla
15.877816,51.276320,Warsztaty Samochodowe@0,Jerzmanowice
18.701474,52.503032,Warsztaty Samochodowe@0,Topólka
19.410915,53.071949,Warsztaty Samochodowe@0,Rypin
20.285100,51.391280,Warsztaty Samochodowe@0,Opoczno
20.286174,51.385013,Warsztaty Samochodowe@0,Opoczno
19.686840,51.532715,Warsztaty Samochodowe@0,Gościmowice Drugie
20.262217,51.382227,Warsztaty Samochodowe@0,Opoczno
20.261400,52.676507,Warsztaty Samochodowe@0,Baboszewo
18.791717,53.454646,Warsztaty Samochodowe@0,Grudziądz
20.025402,50.094013,Warsztaty Samochodowe@0,Kraków
20.225345,50.039261,Warsztaty Samochodowe@0,Niepołomice
19.620557,53.018191,Warsztaty Samochodowe@0,Skrwilno
17.492572,53.364364,Warsztaty Samochodowe@0,Więcbork
18.447209,53.350270,Warsztaty Samochodowe@0,Chełmno
18.451502,53.344356,Warsztaty Samochodowe@0,Chełmno
22.017090,50.002840,Warsztaty Samochodowe@0,Rzeszów
19.121196,51.599554,Warsztaty Samochodowe@0,Łask
18.654421,53.554938,Warsztaty Samochodowe@0,Bzowo
18.943804,50.332789,Warsztaty Samochodowe@0,Bytom
21.610082,49.839208,Warsztaty Samochodowe@0,Frysztak
22.044796,53.158252,Warsztaty Samochodowe@0,Łomża
21.415664,50.290327,Warsztaty Samochodowe@0,Mielec
21.429020,50.283088,Warsztaty Samochodowe@0,Mielec
21.439725,50.284711,Warsztaty Samochodowe@0,Mielec
21.443264,50.298157,Warsztaty Samochodowe@0,Mielec
21.452765,50.299719,Warsztaty Samochodowe@0,Mielec
19.442673,50.151005,Warsztaty Samochodowe@0,Trzebinia
18.688571,53.634363,Warsztaty Samochodowe@0,Górne Morgi
19.470555,51.725071,Warsztaty Samochodowe@0,Łódź
18.728443,53.652014,Warsztaty Samochodowe@0,Nowe
18.772969,54.105584,Warsztaty Samochodowe@0,Tczew
18.790974,54.077767,Warsztaty Samochodowe@0,Tczew
18.818549,50.443579,Warsztaty Samochodowe@0,Tarnowskie Góry
18.817947,50.442803,Warsztaty Samochodowe@0,Tarnowskie Góry
18.164015,53.164941,Warsztaty Samochodowe@0,Bydgoszcz
23.542280,50.308013,Warsztaty Samochodowe@0,Potoki
22.056314,50.103137,Warsztaty Samochodowe@0,Jasionka
22.011036,50.042019,Warsztaty Samochodowe@0,Rzeszów
22.027722,50.078549,Warsztaty Samochodowe@0,Trzebownisko
18.560900,50.098805,Warsztaty Samochodowe@0,Rybnik
21.409456,50.288065,Warsztaty Samochodowe@0,Mielec
15.420523,51.031270,Warsztaty Samochodowe@0,Gryfów Śląski
22.387323,51.921610,Warsztaty Samochodowe@0,Łuków
22.388980,51.919391,Warsztaty Samochodowe@0,Łuków
19.364911,50.569954,Warsztaty Samochodowe@0,Myszków
19.051580,49.805283,Warsztaty Samochodowe@0,Bielsko-Biała
16.531786,51.670588,Warsztaty Samochodowe@0,Góra
18.083504,53.355184,Warsztaty Samochodowe@0,Serock
16.585473,50.714157,Warsztaty Samochodowe@0,Pieszyce
18.352935,53.414522,Warsztaty Samochodowe@0,Terespol Pomorski
16.238860,50.434216,Warsztaty Samochodowe@0,Kudowa-Zdrój
16.385237,50.406023,Warsztaty Samochodowe@0,Duszniki-Zdrój
18.701631,53.028055,Warsztaty Samochodowe@0,Toruń
18.698372,53.036004,Warsztaty Samochodowe@0,Toruń
18.645253,53.028371,Warsztaty Samochodowe@0,Toruń
18.647849,53.029294,Warsztaty Samochodowe@0,Toruń
18.614313,53.037520,Warsztaty Samochodowe@0,Toruń
18.942103,50.302990,Warsztaty Samochodowe@0,Chorzów
18.585898,52.992200,Warsztaty Samochodowe@0,Toruń
18.583798,53.023248,Warsztaty Samochodowe@0,Toruń
18.618269,53.024555,Warsztaty Samochodowe@0,Toruń
20.292381,51.372551,Warsztaty Samochodowe@0,Opoczno
20.277296,51.375685,Warsztaty Samochodowe@0,Opoczno
18.607008,53.179902,Warsztaty Samochodowe@0,Chełmża
18.936656,52.944890,Warsztaty Samochodowe@0,Czernikowo
15.486382,51.954486,Warsztaty Samochodowe@0,Zielona Góra
18.724595,53.059962,Warsztaty Samochodowe@0,Grębocin
18.488718,53.128995,Warsztaty Samochodowe@0,Łubianka
18.486592,53.132425,Warsztaty Samochodowe@0,Łubianka
18.551743,52.988912,Warsztaty Samochodowe@0,Mała Nieszawka
16.821146,52.374026,Warsztaty Samochodowe@0,Plewiska
17.866966,53.584017,Warsztaty Samochodowe@0,Tuchola
17.857250,53.593388,Warsztaty Samochodowe@0,Tuchola
17.862257,53.583888,Warsztaty Samochodowe@0,Tuchola
17.867378,53.587457,Warsztaty Samochodowe@0,Tuchola
17.869796,53.571447,Warsztaty Samochodowe@0,Tuchola
19.029183,52.620017,Warsztaty Samochodowe@0,Włocławek
19.023315,52.613579,Warsztaty Samochodowe@0,Włocławek
19.070527,52.671629,Warsztaty Samochodowe@0,Włocławek
19.060963,52.675676,Warsztaty Samochodowe@0,Włocławek
19.052387,52.679044,Warsztaty Samochodowe@0,Włocławek
19.041986,52.682363,Warsztaty Samochodowe@0,Włocławek
19.035704,52.405059,Warsztaty Samochodowe@0,Chodecz
19.035617,52.407026,Warsztaty Samochodowe@0,Chodecz
18.920149,52.749753,Warsztaty Samochodowe@0,Lubanie
17.948958,52.867557,Warsztaty Samochodowe@0,Barcin
17.950749,52.867541,Warsztaty Samochodowe@0,Barcin
17.488237,52.768723,Warsztaty Samochodowe@0,Janowiec Wielkopolski
20.820669,54.246277,Warsztaty Samochodowe@0,Bartoszyce
20.826082,54.244200,Warsztaty Samochodowe@0,Bartoszyce
20.826629,54.244433,Warsztaty Samochodowe@0,Bartoszyce
19.562869,51.588682,Warsztaty Samochodowe@0,Kruszów
20.205500,53.242422,Warsztaty Samochodowe@0,Działdowo
19.931648,53.391180,Warsztaty Samochodowe@0,Rybno
19.383987,54.047104,Warsztaty Samochodowe@0,Markusy
22.367045,53.836808,Warsztaty Samochodowe@0,Ełk
22.393631,53.833591,Warsztaty Samochodowe@0,Ełk
19.920175,50.123084,Warsztaty Samochodowe@0,Zielonki
22.675422,53.871826,Warsztaty Samochodowe@0,Kalinowo
22.340164,53.773001,Warsztaty Samochodowe@0,Nowa Wieś Ełcka
21.795262,54.029687,Warsztaty Samochodowe@0,Giżycko
21.793577,54.033256,Warsztaty Samochodowe@0,Giżycko
18.946143,50.394529,Warsztaty Samochodowe@0,Piekary Śląskie
18.935097,50.436824,Warsztaty Samochodowe@0,Świerklaniec
18.945022,50.386465,Warsztaty Samochodowe@0,Piekary Śląskie
18.948852,50.391102,Warsztaty Samochodowe@0,Piekary Śląskie
17.429311,53.684831,Warsztaty Samochodowe@0,Rychnowy
18.293040,52.792254,Warsztaty Samochodowe@0,Jacewo
22.309382,54.305442,Warsztaty Samochodowe@0,Gołdap
22.310713,54.316731,Warsztaty Samochodowe@0,Gołdap
19.570998,53.610126,Warsztaty Samochodowe@0,Iława
19.261318,53.601223,Warsztaty Samochodowe@0,Kisielice
19.744300,53.499822,Warsztaty Samochodowe@0,Lubawa
19.744395,53.500059,Warsztaty Samochodowe@0,Lubawa
17.060735,51.084252,Warsztaty Samochodowe@0,Wrocław
17.061309,51.084369,Warsztaty Samochodowe@0,Wrocław
17.000248,51.101147,Warsztaty Samochodowe@0,Wrocław
19.453879,53.636812,Warsztaty Samochodowe@0,Ząbrowo
18.901232,50.382979,Warsztaty Samochodowe@0,Radzionków
18.945403,50.393965,Warsztaty Samochodowe@0,Piekary Śląskie
18.919419,50.412803,Warsztaty Samochodowe@0,Radzionków
18.944656,50.388536,Warsztaty Samochodowe@0,Piekary Śląskie
18.907141,50.368973,Warsztaty Samochodowe@0,Bytom
19.034331,50.326591,Warsztaty Samochodowe@0,Siemianowice Śląskie
19.015481,50.330147,Warsztaty Samochodowe@0,Siemianowice Śląskie
18.994036,50.346890,Warsztaty Samochodowe@0,Piekary Śląskie
18.980861,50.355699,Warsztaty Samochodowe@0,Piekary Śląskie
19.017487,50.349989,Warsztaty Samochodowe@0,Piekary Śląskie
19.733692,49.958919,Warsztaty Samochodowe@0,Zelczyna
18.983007,50.366982,Warsztaty Samochodowe@0,Piekary Śląskie
18.953149,50.372193,Warsztaty Samochodowe@0,Piekary Śląskie
18.879758,50.442174,Warsztaty Samochodowe@0,Tarnowskie Góry
18.960857,50.279978,Warsztaty Samochodowe@0,Chorzów
18.942833,50.370304,Warsztaty Samochodowe@0,Piekary Śląskie
19.143730,52.255497,Warsztaty Samochodowe@0,Bardzinek
19.945678,50.006345,Warsztaty Samochodowe@0,Kraków
21.816742,52.027663,Warsztaty Samochodowe@0,Latowicz
21.811642,52.026249,Warsztaty Samochodowe@0,Latowicz
18.921149,50.415847,Warsztaty Samochodowe@0,Orzech
20.383663,49.719163,Warsztaty Samochodowe@0,Limanowa
19.289307,50.195489,Warsztaty Samochodowe@0,Jaworzno
22.045960,50.581006,Warsztaty Samochodowe@0,Stalowa Wola
22.708900,50.005693,Warsztaty Samochodowe@0,Munina
22.736449,49.992061,Warsztaty Samochodowe@0,Munina
22.719274,50.000138,Warsztaty Samochodowe@0,Jarosław
22.794871,49.964371,Warsztaty Samochodowe@0,Ostrów
22.089069,50.041306,Warsztaty Samochodowe@0,Krasne
22.481620,50.060166,Warsztaty Samochodowe@0,Przeworsk
17.052791,51.102711,Warsztaty Samochodowe@0,Wrocław
21.157762,49.648556,Warsztaty Samochodowe@0,Gorlice
21.129871,49.690552,Warsztaty Samochodowe@0,Stróżówka
21.126583,49.693502,Warsztaty Samochodowe@0,Mszanka
20.862285,50.005541,Warsztaty Samochodowe@0,Bogumiłowice
20.818187,49.915718,Warsztaty Samochodowe@0,Wielka Wieś
20.813937,49.860907,Warsztaty Samochodowe@0,Zakliczyn
20.915404,49.852061,Warsztaty Samochodowe@0,Siemiechów
20.971286,49.805597,Warsztaty Samochodowe@0,Bogoniowice
20.967172,49.764968,Warsztaty Samochodowe@0,Zborowice
20.983960,49.732851,Warsztaty Samochodowe@0,Siedliska
21.029344,49.713739,Warsztaty Samochodowe@0,Łużna
21.069824,49.705765,Warsztaty Samochodowe@0,Łużna
21.189889,49.682918,Warsztaty Samochodowe@0,Gorlice
22.631332,51.490683,Warsztaty Samochodowe@0,Szczekarków
21.488250,50.278837,Warsztaty Samochodowe@0,Mielec
19.665641,50.249023,Warsztaty Samochodowe@0,Zederman
19.411556,50.605792,Warsztaty Samochodowe@0,Jaworznik
16.818577,52.359986,Warsztaty Samochodowe@0,Plewiska
18.549130,49.933864,Warsztaty Samochodowe@0,Jastrzębie-Zdrój
21.574971,50.591445,Warsztaty Samochodowe@0,Koprzywnica
18.562015,49.942465,Warsztaty Samochodowe@0,Jastrzębie-Zdrój
19.472988,50.166835,Warsztaty Samochodowe@0,Trzebinia
18.258666,53.312852,Warsztaty Samochodowe@0,Zbrachlin
20.622231,50.003172,Warsztaty Samochodowe@0,Mokrzyska
21.608444,50.051358,Warsztaty Samochodowe@0,Ropczyce
22.091280,49.916221,Warsztaty Samochodowe@0,Nowy Borek
19.111882,54.221071,Warsztaty Samochodowe@0,Nowy Dwór Gdanski
16.485058,53.272441,Warsztaty Samochodowe@0,Wałcz
16.482408,53.272034,Warsztaty Samochodowe@0,Wałcz
16.455304,53.276916,Warsztaty Samochodowe@0,Wałcz
16.453448,53.281330,Warsztaty Samochodowe@0,Wałcz
16.920671,52.390527,Warsztaty Samochodowe@0,Poznań
21.089855,51.041303,Warsztaty Samochodowe@0,Starachowice
21.082208,51.038220,Warsztaty Samochodowe@0,Starachowice
22.735818,50.362601,Warsztaty Samochodowe@0,Tarnogród
18.487821,49.915719,Warsztaty Samochodowe@0,Godów
19.232463,50.046174,Warsztaty Samochodowe@0,Oświęcim
18.609339,49.877953,Warsztaty Samochodowe@0,Zebrzydowice
21.075291,51.028298,Warsztaty Samochodowe@0,Starachowice
23.174743,50.920900,Warsztaty Samochodowe@0,Wólka Orłowska
18.217370,54.357801,Warsztaty Samochodowe@0,Grzybno
21.064954,51.055096,Warsztaty Samochodowe@0,Starachowice
18.476642,49.924122,Warsztaty Samochodowe@0,Godów
20.872662,52.242558,Warsztaty Samochodowe@0,Blizne Jasińskiego
22.176416,50.517033,Warsztaty Samochodowe@0,Racławice
15.872763,52.364517,Warsztaty Samochodowe@0,Trzciel
20.625354,49.966998,Warsztaty Samochodowe@0,Jadowniki
18.209801,50.402059,Warsztaty Samochodowe@0,Łąki Kozielskie
21.767896,50.073895,Warsztaty Samochodowe@0,Klęczany
22.000487,50.052703,Warsztaty Samochodowe@0,Rzeszów
21.881121,49.996477,Warsztaty Samochodowe@0,Niechobrz
18.573623,49.988178,Warsztaty Samochodowe@0,Gogołowa
18.602861,49.957478,Warsztaty Samochodowe@0,Jastrzębie-Zdrój
18.626462,49.951011,Warsztaty Samochodowe@0,Jastrzębie-Zdrój
18.662293,54.205158,Warsztaty Samochodowe@0,Różyny
16.613633,51.046023,Warsztaty Samochodowe@0,Kostomłoty
19.411509,53.082906,Warsztaty Samochodowe@0,Rypin
19.390474,53.070763,Warsztaty Samochodowe@0,Rypin
16.752910,51.039567,Warsztaty Samochodowe@0,Kąty Wrocławskie
20.020077,51.529489,Warsztaty Samochodowe@0,Tomaszów Mazowiecki
18.520731,50.072872,Warsztaty Samochodowe@0,Rybnik
21.152764,50.562707,Warsztaty Samochodowe@0,Staszów
21.174423,50.562328,Warsztaty Samochodowe@0,Staszów
16.746168,51.042797,Warsztaty Samochodowe@0,Pełcznica
20.025780,51.548823,Warsztaty Samochodowe@0,Tomaszów Mazowiecki
21.184267,50.552329,Warsztaty Samochodowe@0,Staszów
21.072430,50.504806,Warsztaty Samochodowe@0,Niziny
21.076904,50.508900,Warsztaty Samochodowe@0,Niziny
19.976092,53.705409,Warsztaty Samochodowe@0,Ostróda
20.034765,51.503971,Warsztaty Samochodowe@0,Wąwał
16.156464,51.178020,Warsztaty Samochodowe@0,Legnica
20.940699,52.397693,Warsztaty Samochodowe@0,Legionowo
20.929978,52.388345,Warsztaty Samochodowe@0,Legionowo
18.240014,50.094386,Warsztaty Samochodowe@0,Racibórz
18.193750,50.064438,Warsztaty Samochodowe@0,Racibórz
18.194105,50.061026,Warsztaty Samochodowe@0,Racibórz
20.913675,52.199230,Warsztaty Samochodowe@0,Warszawa
20.827417,52.172642,Warsztaty Samochodowe@0,Pruszków
18.208861,50.097865,Warsztaty Samochodowe@0,Racibórz
18.581741,53.031455,Warsztaty Samochodowe@0,Toruń
18.726874,50.288894,Warsztaty Samochodowe@0,Gliwice
20.211571,52.223620,Warsztaty Samochodowe@0,Kuznocin
15.655867,54.052361,Warsztaty Samochodowe@0,Gościno
19.427937,51.814651,Warsztaty Samochodowe@0,Łódź
18.394053,54.368921,Warsztaty Samochodowe@0,Pępowo
18.401668,49.953210,Warsztaty Samochodowe@0,Gorzyczki
17.056313,50.786196,Warsztaty Samochodowe@0,strzelin
17.072645,50.778835,Warsztaty Samochodowe@0,Strzelin
19.202284,50.292661,Warsztaty Samochodowe@0,Sosnowiec
18.914031,50.351663,Warsztaty Samochodowe@0,Bytom
18.899145,50.347607,Warsztaty Samochodowe@0,Bytom
18.965489,49.978033,Warsztaty Samochodowe@0,Pszczyna
18.907032,50.357201,Warsztaty Samochodowe@0,Bytom
18.897245,50.407847,Warsztaty Samochodowe@0,Radzionków
20.292148,52.820062,Warsztaty Samochodowe@0,Glinojeck
17.445755,51.700654,Warsztaty Samochodowe@0,Krotoszyn
18.920254,50.334902,Warsztaty Samochodowe@0,Bytom
18.920788,50.339299,Warsztaty Samochodowe@0,Bytom
20.294433,52.819926,Warsztaty Samochodowe@0,Glinojeck
18.928590,50.330423,Warsztaty Samochodowe@0,Bytom
18.884021,50.338277,Warsztaty Samochodowe@0,Bytom
18.968706,50.314401,Warsztaty Samochodowe@0,Chorzów
21.973547,51.955467,Warsztaty Samochodowe@0,Stoczek Łukowski
18.947124,50.288584,Warsztaty Samochodowe@0,Chorzów
18.487810,54.540838,Warsztaty Samochodowe@0,Gdynia
18.494252,54.537900,Warsztaty Samochodowe@0,Gdynia
18.527922,54.522607,Warsztaty Samochodowe@0,Gdynia
18.965412,50.288730,Warsztaty Samochodowe@0,Chorzów
20.714712,50.480123,Warsztaty Samochodowe@0,Busko-Zdrój
18.969263,50.270794,Warsztaty Samochodowe@0,Katowice
19.905757,49.988283,Warsztaty Samochodowe@0,Kraków
19.884882,49.982640,Warsztaty Samochodowe@0,Kraków
19.879169,49.997166,Warsztaty Samochodowe@0,Kraków
18.972962,50.297866,Warsztaty Samochodowe@0,Chorzów
18.953802,50.294951,Warsztaty Samochodowe@0,Chorzów
19.044344,50.273598,Warsztaty Samochodowe@0,Katowice
19.033772,50.268561,Warsztaty Samochodowe@0,Katowice
18.973790,50.216328,Warsztaty Samochodowe@0,Katowice
15.010879,51.148626,Warsztaty Samochodowe@0,Zgorzelec
15.000915,51.159898,Warsztaty Samochodowe@0,Zgorzelec
18.948269,50.229968,Warsztaty Samochodowe@0,Katowice
18.987156,50.227370,Warsztaty Samochodowe@0,Katowice
20.945814,52.181813,Warsztaty Samochodowe@0,Warszawa
18.992094,50.235911,Warsztaty Samochodowe@0,Katowice
18.994519,50.254511,Warsztaty Samochodowe@0,Katowice
19.928038,50.021188,Warsztaty Samochodowe@0,Kraków
19.079166,49.562095,Warsztaty Samochodowe@0,Milówka
18.884789,49.554161,Warsztaty Samochodowe@0,Istebna
18.990606,50.235836,Warsztaty Samochodowe@0,Katowice
18.990649,50.234682,Warsztaty Samochodowe@0,Katowice
22.689544,50.020382,Warsztaty Samochodowe@0,Jarosław
16.281196,50.819439,Warsztaty Samochodowe@0,Wałbrzych
20.077085,50.012448,Warsztaty Samochodowe@0,Kokotów
20.072756,50.013344,Warsztaty Samochodowe@0,Kokotów
19.148383,50.785006,Warsztaty Samochodowe@0,Częstochowa
19.127654,49.849544,Warsztaty Samochodowe@0,Kozy
16.855256,51.059442,Warsztaty Samochodowe@0,Rebnica
17.912441,53.096562,Warsztaty Samochodowe@0,Białe Błota
15.020767,51.152200,Warsztaty Samochodowe@0,Zgorzelec
19.901883,50.177399,Warsztaty Samochodowe@0,Owczary
19.980639,50.352259,Warsztaty Samochodowe@0,Biskupice
19.938209,50.268806,Warsztaty Samochodowe@0,Laski Dworskie
19.855634,50.227386,Warsztaty Samochodowe@0,Skała
23.137781,53.117115,Warsztaty Samochodowe@0,Białystok
19.968613,50.137741,Warsztaty Samochodowe@0,Boleń
19.967735,50.135869,Warsztaty Samochodowe@0,Bibice
19.378017,51.786039,Warsztaty Samochodowe@0,Łódź
19.315427,51.812800,Warsztaty Samochodowe@0,Aleksandrów Łódzki
19.964779,50.224793,Warsztaty Samochodowe@0,Iwanowice Włościańskie
19.471986,50.154763,Warsztaty Samochodowe@0,Trzebinia
19.395744,50.133064,Warsztaty Samochodowe@0,Chrzanów
15.707522,50.892741,Warsztaty Samochodowe@0,Jelenia Góra
18.868624,50.128072,Warsztaty Samochodowe@0,Łaziska Górne
22.007520,50.005148,Warsztaty Samochodowe@0,Rzeszów
19.336173,49.709400,Warsztaty Samochodowe@0,Gilowice
19.487999,51.708266,Warsztaty Samochodowe@0,Łódź
19.488734,51.709075,Warsztaty Samochodowe@0,Łódź
19.302117,51.816870,Warsztaty Samochodowe@0,Aleksandrów Łódzki
17.998835,53.507777,Warsztaty Samochodowe@0,Bysław
18.849215,49.662385,Warsztaty Samochodowe@0,Wisła
20.380222,52.084710,Warsztaty Samochodowe@0,Wiskitki
19.146240,50.345128,Warsztaty Samochodowe@0,Będzin
18.575435,53.043561,Warsztaty Samochodowe@0,Toruń
18.593116,53.044348,Warsztaty Samochodowe@0,Toruń
18.782891,49.795569,Warsztaty Samochodowe@0,Skoczów
15.806768,50.819671,Warsztaty Samochodowe@0,Kostrzyca
18.462009,50.062181,Warsztaty Samochodowe@0,Rybnik
19.435109,51.736444,Warsztaty Samochodowe@0,Łódź
18.963151,50.205392,Warsztaty Samochodowe@0,Katowice
18.972497,50.197819,Warsztaty Samochodowe@0,Katowice
15.478630,52.581913,Warsztaty Samochodowe@0,Skwierzyna
18.990116,50.216302,Warsztaty Samochodowe@0,Katowice
18.989958,50.209219,Warsztaty Samochodowe@0,Katowice
18.955393,50.229004,Warsztaty Samochodowe@0,Katowice
20.863791,51.225827,Warsztaty Samochodowe@0,Szydłowiec
18.902184,50.439609,Warsztaty Samochodowe@0,Nakło Śląskie
20.862195,51.216088,Warsztaty Samochodowe@0,Szydłowiec
18.275517,50.115896,Warsztaty Samochodowe@0,Racibórz
20.686910,49.599161,Warsztaty Samochodowe@0,Nowy Sącz
20.715124,49.620914,Warsztaty Samochodowe@0,Nowy Sącz
19.028774,49.863346,Warsztaty Samochodowe@0,Bielsko-Biała
18.578991,49.957272,Warsztaty Samochodowe@0,Jastrzębie-Zdrój
19.020125,49.829654,Warsztaty Samochodowe@0,Bielsko-Biała
19.011713,49.824548,Warsztaty Samochodowe@0,Bielsko-Biała
19.695872,49.866676,Warsztaty Samochodowe@0,Brody
14.888835,52.455264,Warsztaty Samochodowe@0,Ośno Lubuskie
21.649523,49.868251,Warsztaty Samochodowe@0,Wiśniowa
18.941621,50.296283,Warsztaty Samochodowe@0,Chorzów
17.006295,52.361364,Warsztaty Samochodowe@0,Poznań
16.996876,52.362986,Warsztaty Samochodowe@0,Poznań
16.626908,50.446063,Warsztaty Samochodowe@0,Kłodzko
16.878251,50.524373,Warsztaty Samochodowe@0,Kamieniec Ząbkowicki
19.087962,50.800958,Warsztaty Samochodowe@0,Częstochowa
18.344593,50.019516,Warsztaty Samochodowe@0,Syrynia
18.314959,50.380186,Warsztaty Samochodowe@0,Kędzierzyn-Koźle
19.262246,50.219356,Warsztaty Samochodowe@0,Jaworzno
19.842429,49.973673,Warsztaty Samochodowe@0,Skawina
18.820133,50.178182,Warsztaty Samochodowe@0,Mikołów
23.131668,53.109513,Warsztaty Samochodowe@0,Białystok
23.134517,53.106576,Warsztaty Samochodowe@0,Białystok
20.486661,50.889926,Warsztaty Samochodowe@0,Podzamcze
19.542355,51.598654,Warsztaty Samochodowe@0,Tuszynek Majoracki
18.780209,50.232496,Warsztaty Samochodowe@0,Paniówki
18.554791,54.314486,Warsztaty Samochodowe@0,Kowale
19.088797,49.823351,Warsztaty Samochodowe@0,Bielsko-Biała
19.065801,49.831488,Warsztaty Samochodowe@0,Bielsko-Biała
19.039418,49.829598,Warsztaty Samochodowe@0,Bielsko-Biała
19.072598,49.820542,Warsztaty Samochodowe@0,Bielsko-Biała
19.041796,49.835201,Warsztaty Samochodowe@0,Bielsko-Biała
18.883567,51.567494,Warsztaty Samochodowe@0,Piaski
21.480191,50.099833,Warsztaty Samochodowe@0,Brzeźnica
21.916523,51.678769,Warsztaty Samochodowe@0,Ownia
20.695116,49.639832,Warsztaty Samochodowe@0,Nowy Sącz
19.110263,49.506831,Warsztaty Samochodowe@0,Rajcza
19.114050,49.516501,Warsztaty Samochodowe@0,Rajcza
20.231905,50.657468,Warsztaty Samochodowe@0,Prząsław
19.149490,50.081426,Warsztaty Samochodowe@0,Bieruń
19.138612,50.083958,Warsztaty Samochodowe@0,Bieruń
22.088467,49.917471,Warsztaty Samochodowe@0,Nowy Borek
17.950634,50.724712,Warsztaty Samochodowe@0,Luboszyce
17.951545,50.724313,Warsztaty Samochodowe@0,Luboszyce
17.940546,50.709237,Warsztaty Samochodowe@0,Kępa
17.245781,53.489638,Warsztaty Samochodowe@0,Lipka
17.349555,53.663659,Warsztaty Samochodowe@0,Człuchów
16.826747,52.373667,Warsztaty Samochodowe@0,Plewiska
19.337382,51.813036,Warsztaty Samochodowe@0,Aleksandrów Łódzki
21.114202,52.130585,Warsztaty Samochodowe@0,Warszawa
21.455462,52.200170,Warsztaty Samochodowe@0,Dębe Wielkie
17.295863,54.458534,Warsztaty Samochodowe@0,Stara Dąbrowa
21.986346,50.031212,Warsztaty Samochodowe@0,Rzeszów
19.005279,50.278847,Warsztaty Samochodowe@0,Katowice
18.837529,50.635676,Warsztaty Samochodowe@0,Koszęcin
18.847628,50.625988,Warsztaty Samochodowe@0,Koszęcin
20.386735,53.118644,Warsztaty Samochodowe@0,Mława
14.560479,52.378893,Warsztaty Samochodowe@0,Słubice
18.804388,50.476194,Warsztaty Samochodowe@0,Tarnowskie Góry
19.250995,52.934912,Warsztaty Samochodowe@0,Janiszewo
19.216965,52.897768,Warsztaty Samochodowe@0,Makówiec
19.323434,51.784193,Warsztaty Samochodowe@0,Rąbień
19.326155,51.774336,Warsztaty Samochodowe@0,Konstantynów Łódzki
19.419122,51.740353,Warsztaty Samochodowe@0,Łódź
16.332745,50.856742,Warsztaty Samochodowe@0,Świebodzice
20.959029,52.226874,Warsztaty Samochodowe@0,Warszawa
16.437406,50.840219,Warsztaty Samochodowe@0,Słotwina
18.111775,51.726460,Warsztaty Samochodowe@0,Kalisz
18.191493,51.732961,Warsztaty Samochodowe@0,Opatówek
19.346481,51.216993,Warsztaty Samochodowe@0,Łękińsko
16.323026,50.857950,Warsztaty Samochodowe@0,Świebodzice
16.328916,50.866492,Warsztaty Samochodowe@0,Świebodzice
16.327617,50.867410,Warsztaty Samochodowe@0,Świebodzice
19.901007,50.113843,Warsztaty Samochodowe@0,Kraków
19.878692,50.082281,Warsztaty Samochodowe@0,Kraków
16.167821,54.178989,Warsztaty Samochodowe@0,Koszalin
20.706428,51.702878,Warsztaty Samochodowe@0,Mogielnica
19.918441,49.978634,Warsztaty Samochodowe@0,Libertów
19.118995,50.287725,Warsztaty Samochodowe@0,Sosnowiec
20.798555,50.440616,Warsztaty Samochodowe@0,Skotniki Małe
20.023564,49.461602,Warsztaty Samochodowe@0,Nowy Targ
22.774909,49.794582,Warsztaty Samochodowe@0,Przemyśl
20.831046,52.180649,Warsztaty Samochodowe@0,Piastów
20.829041,52.179244,Warsztaty Samochodowe@0,Piastów
19.468884,51.766202,Warsztaty Samochodowe@0,Łódź
19.476046,51.767799,Warsztaty Samochodowe@0,Łódź
19.619479,52.810285,Warsztaty Samochodowe@0,Stare Piastowo
15.994513,53.998554,Warsztaty Samochodowe@0,Białogard
15.968105,54.010388,Warsztaty Samochodowe@0,Białogard
15.882560,54.043728,Warsztaty Samochodowe@0,Karlino
20.232462,50.042380,Warsztaty Samochodowe@0,Niepołomice
18.861575,50.355390,Warsztaty Samochodowe@0,Bytom
19.041178,53.911436,Warsztaty Samochodowe@0,Sztum
19.009113,54.012653,Warsztaty Samochodowe@0,Malbork
19.893585,50.008494,Warsztaty Samochodowe@0,Kraków
19.412476,50.484882,Warsztaty Samochodowe@0,Zawiercie
17.059953,51.049568,Warsztaty Samochodowe@0,Wrocław
21.021867,52.227537,Warsztaty Samochodowe@0,Warszawa
21.255696,52.215597,Warsztaty Samochodowe@0,Warszawa
19.595034,51.333038,Warsztaty Samochodowe@0,Wygoda
19.696007,51.442080,Warsztaty Samochodowe@0,Piotrków Trybunalski
16.942806,52.434417,Warsztaty Samochodowe@0,Poznań
20.147561,49.980243,Warsztaty Samochodowe@0,Bodzanów
23.176082,53.127724,Warsztaty Samochodowe@0,Białystok
17.480959,50.855180,Warsztaty Samochodowe@0,Brzeg
17.910505,50.695466,Warsztaty Samochodowe@0,Opole
19.391963,51.782989,Warsztaty Samochodowe@0,Łódź
17.417948,51.713094,Warsztaty Samochodowe@0,Krotoszyn
20.752413,49.617376,Warsztaty Samochodowe@0,Piątkowa
15.263754,52.734822,Warsztaty Samochodowe@0,Gorzów Wielkopolski
15.265578,52.735026,Warsztaty Samochodowe@0,Gorzów Wielkopolski
15.273650,52.742050,Warsztaty Samochodowe@0,Gorzów Wielkopolski
18.920340,50.169775,Warsztaty Samochodowe@0,Mikołów
14.380023,53.487493,Warsztaty Samochodowe@0,Dobra
18.514279,54.474221,Warsztaty Samochodowe@0,Gdynia
18.864292,52.688576,Warsztaty Samochodowe@0,Klementynowo
18.310061,52.753723,Warsztaty Samochodowe@0,Sikorowo
18.256896,52.756307,Warsztaty Samochodowe@0,Inowrocław
18.727867,49.900682,Warsztaty Samochodowe@0,Bąków
18.713894,49.892352,Warsztaty Samochodowe@0,Bąków
18.754142,49.868588,Warsztaty Samochodowe@0,Drogomyśl
18.669764,49.819938,Warsztaty Samochodowe@0,Hażlach
21.934209,49.749400,Warsztaty Samochodowe@0,Jasienica Rosielna
21.929384,49.748457,Warsztaty Samochodowe@0,Jasienica Rosielna
21.244226,49.812132,Warsztaty Samochodowe@0,Szerzyny
20.607475,49.887197,Warsztaty Samochodowe@0,Gnojnik
18.177065,53.150478,Warsztaty Samochodowe@0,Bydgoszcz
18.691008,52.955872,Warsztaty Samochodowe@0,Brzoza
23.891532,50.673870,Warsztaty Samochodowe@0, Mircze
21.339312,52.217742,Warsztaty Samochodowe@0,Hipolitów
23.077957,53.144856,Warsztaty Samochodowe@0,Białystok
16.265347,52.506120,Warsztaty Samochodowe@0,Pniewy
19.886136,53.042355,Warsztaty Samochodowe@0,Franciszkowo
19.368532,51.652042,Warsztaty Samochodowe@0,Pabianice
18.911521,53.734207,Warsztaty Samochodowe@0,Mareza
21.794269,49.611319,Warsztaty Samochodowe@0,Iwonicz
18.162434,54.313208,Warsztaty Samochodowe@0,PROKOWO
15.250838,52.723256,Warsztaty Samochodowe@0,Gorzów Wielkopolski
18.702389,50.029509,Warsztaty Samochodowe@0,Żory
22.808713,49.956788,Warsztaty Samochodowe@0,Radymno
22.503488,51.560875,Warsztaty Samochodowe@0,Firlej
22.515691,51.228920,Warsztaty Samochodowe@0,Lublin
21.423855,50.393445,Warsztaty Samochodowe@0,Borki Nizińskie
22.210482,51.880468,Warsztaty Samochodowe@0,Stanin
22.948310,54.109616,Warsztaty Samochodowe@0,Suwałki
19.143702,52.466276,Warsztaty Samochodowe@0,Chojny
16.443900,52.625885,Warsztaty Samochodowe@0,Ostroróg
21.561695,53.646229,Warsztaty Samochodowe@0,Ruciane-Nida
20.941599,52.432395,Warsztaty Samochodowe@0,Łajski
21.327947,51.447300,Warsztaty Samochodowe@0,Kolonka
15.651994,50.857528,Warsztaty Samochodowe@0,Jelenia Góra
16.190114,51.397546,Warsztaty Samochodowe@0,Lubin
18.367727,54.469945,Warsztaty Samochodowe@0,Bojano
19.088520,49.554096,Warsztaty Samochodowe@0,Milówka
18.220259,54.612959,Warsztaty Samochodowe@0,Wejherowo
16.800451,52.653461,Warsztaty Samochodowe@0,Oborniki
20.038141,52.498508,Warsztaty Samochodowe@0,Chodkowo-Działki
15.055499,53.345383,Warsztaty Samochodowe@0,Stargard
18.576341,49.932351,Warsztaty Samochodowe@0,Jastrzębie-Zdrój
19.978703,49.958209,Warsztaty Samochodowe@0,Ochojno
19.156717,50.837478,Warsztaty Samochodowe@0,Częstochowa
15.210759,52.988246,Warsztaty Samochodowe@0,Barlinek
15.450855,51.007717,Warsztaty Samochodowe@0,Lubomierz/Gryfów Sląsk
19.158666,49.643778,Warsztaty Samochodowe@0,Radziechowy
22.578948,51.214004,Warsztaty Samochodowe@0,Lublin
22.541319,51.238409,Warsztaty Samochodowe@0,Lublin
18.920851,53.719844,Warsztaty Samochodowe@0,Kwidzyn
18.958336,50.552805,Warsztaty Samochodowe@0,Kalety
18.952044,50.550751,Warsztaty Samochodowe@0,Kalety
18.925517,50.550950,Warsztaty Samochodowe@0,Kalety
18.055167,53.123840,Warsztaty Samochodowe@0,Bydgoszcz
22.613908,51.224938,Warsztaty Samochodowe@0,Lublin
22.572739,51.209987,Warsztaty Samochodowe@0,Lublin
22.505765,51.246818,Warsztaty Samochodowe@0,Lublin
22.509282,51.251470,Warsztaty Samochodowe@0,Lublin
16.761190,53.160130,Warsztaty Samochodowe@0,Piła
20.318265,52.619763,Warsztaty Samochodowe@0,Ilinko
20.957066,52.258502,Warsztaty Samochodowe@0,Warszawa
22.460241,53.631478,Warsztaty Samochodowe@0,Grajewo
17.935401,52.768840,Warsztaty Samochodowe@0,DĄBROWA
15.777414,50.840455,Warsztaty Samochodowe@0,Mysłakowice
19.813554,50.111535,Warsztaty Samochodowe@0,Zabierzów
18.764052,52.873755,Warsztaty Samochodowe@0,Nowy Ciechocinek
19.473747,50.172248,Warsztaty Samochodowe@0,Trzebinia
21.213165,53.154116,Warsztaty Samochodowe@0,BARANOWO
17.722053,54.633255,Warsztaty Samochodowe@0,Nowa Wieś Lęborska
21.847030,52.635703,Warsztaty Samochodowe@0,Sadowne
18.575467,50.047731,Warsztaty Samochodowe@0,Jankowice
18.118151,54.568301,Warsztaty Samochodowe@0,Luzino
19.932985,50.020469,Warsztaty Samochodowe@0,Kraków
19.854438,49.974927,Warsztaty Samochodowe@0,Skawina
18.905787,50.338596,Warsztaty Samochodowe@0,Bytom
15.170379,53.410863,Warsztaty Samochodowe@0,Stara Dąbrowa
17.303421,53.117698,Warsztaty Samochodowe@0,Osiek nad Notecią
17.280966,53.117588,Warsztaty Samochodowe@0,Osiek nad Notecią
17.277893,53.118342,Warsztaty Samochodowe@0,Osiek nad Notecią
17.299641,53.118644,Warsztaty Samochodowe@0,Osiek nad Notecią
17.295459,53.119710,Warsztaty Samochodowe@0,Osiek nad Notecią
17.265247,53.156635,Warsztaty Samochodowe@0,Wyrzysk
18.549552,54.476760,Warsztaty Samochodowe@0,Gdynia
19.968081,51.812894,Warsztaty Samochodowe@0,Jeżów
18.945457,51.608688,Warsztaty Samochodowe@0,Zduńska Wola
16.856301,52.281041,Warsztaty Samochodowe@0,Stęszew
17.825736,52.558917,Warsztaty Samochodowe@0,Trzemeszno
16.500480,50.835887,Warsztaty Samochodowe@0,Świdnica
18.315390,54.821498,Warsztaty Samochodowe@0,Tupadły
19.280107,53.165511,Warsztaty Samochodowe@0,WĄPIELSK
20.063031,50.101284,Warsztaty Samochodowe@0,Kraków
20.068964,50.096454,Warsztaty Samochodowe@0,Kraków
20.038759,50.096526,Warsztaty Samochodowe@0,Kraków
20.041975,50.093302,Warsztaty Samochodowe@0,Kraków
20.062843,50.088676,Warsztaty Samochodowe@0,Kraków
